,review_id,order_id,review_score,review_comment_title,review_comment_message,review_creation_date,review_answer_timestamp,order_id,customer_id,order_status,order_purchase_timestamp,order_approved_at,order_delivered_carrier_date,order_delivered_customer_date,order_estimated_delivery_date,order_id,order_item_id,product_id,seller_id,shipping_limit_date,price,freight_value,seller_id,seller_zip_code_prefix,seller_city,seller_state,customer_id,customer_unique_id,customer_zip_code_prefix,customer_city,customer_state,order_id,payment_sequential,payment_type,payment_installments,payment_value,product_id,product_category_name,product_name_lenght,product_description_lenght,product_photos_qty,product_weight_g,product_length_cm,product_height_cm,product_width_cm
0,7bc2406110b926393aa56f80a40eba40,73fc7af87114b39712e6da79b0a377eb,4,,,2018-01-18 00:00:00,2018-01-18 21:46:59,73fc7af87114b39712e6da79b0a377eb,41dcb106f807e993532d446263290104,delivered,2018-01-11 15:30:49,2018-01-11 15:47:59,2018-01-12 21:57:22,2018-01-17 18:42:41,2018-02-02 00:00:00,73fc7af87114b39712e6da79b0a377eb,1,fd25ab760bfbba13c198fa3b4f1a0cd3,6d803cb79cc31c41c4c789a75933b3c7,2018-01-18 15:47:59,185.0,13.63,6d803cb79cc31c41c4c789a75933b3c7,14600,sao joaquim da barra,SP,41dcb106f807e993532d446263290104,68a5590b9926689be4e10f4ae2db21a8,6030,osasco,SP,73fc7af87114b39712e6da79b0a377eb,1,credit_card,8,397.26,fd25ab760bfbba13c198fa3b4f1a0cd3,esporte_lazer,42.0,858.0,1.0,1300.0,30.0,30.0,35.0
1,7bc2406110b926393aa56f80a40eba40,73fc7af87114b39712e6da79b0a377eb,4,,,2018-01-18 00:00:00,2018-01-18 21:46:59,73fc7af87114b39712e6da79b0a377eb,41dcb106f807e993532d446263290104,delivered,2018-01-11 15:30:49,2018-01-11 15:47:59,2018-01-12 21:57:22,2018-01-17 18:42:41,2018-02-02 00:00:00,73fc7af87114b39712e6da79b0a377eb,2,fd25ab760bfbba13c198fa3b4f1a0cd3,6d803cb79cc31c41c4c789a75933b3c7,2018-01-18 15:47:59,185.0,13.63,6d803cb79cc31c41c4c789a75933b3c7,14600,sao joaquim da barra,SP,41dcb106f807e993532d446263290104,68a5590b9926689be4e10f4ae2db21a8,6030,osasco,SP,73fc7af87114b39712e6da79b0a377eb,1,credit_card,8,397.26,fd25ab760bfbba13c198fa3b4f1a0cd3,esporte_lazer,42.0,858.0,1.0,1300.0,30.0,30.0,35.0
2,80e641a11e56f04c1ad469d5645fdfde,a548910a1c6147796b98fdf73dbeba33,5,,,2018-03-10 00:00:00,2018-03-11 03:05:13,a548910a1c6147796b98fdf73dbeba33,8a2e7ef9053dea531e4dc76bd6d853e6,delivered,2018-02-28 12:25:19,2018-02-28 12:48:39,2018-03-02 19:08:15,2018-03-09 23:17:20,2018-03-14 00:00:00,a548910a1c6147796b98fdf73dbeba33,1,be0dbdc3d67d55727a65d4cd696ca73c,8e6d7754bc7e0f22c96d255ebda59eba,2018-03-06 12:48:39,79.79,8.3,8e6d7754bc7e0f22c96d255ebda59eba,12233,sao jose dos campos,SP,8a2e7ef9053dea531e4dc76bd6d853e6,64190b91b656ab8f37eb89b93dc84584,13380,nova odessa,SP,a548910a1c6147796b98fdf73dbeba33,1,credit_card,1,88.09,be0dbdc3d67d55727a65d4cd696ca73c,informatica_acessorios,47.0,493.0,1.0,245.0,19.0,14.0,14.0
3,228ce5500dc1d8e020d8d1322874b6f0,f9e4b658b201a9f2ecdecbb34bed034b,5,,,2018-02-17 00:00:00,2018-02-18 14:36:24,f9e4b658b201a9f2ecdecbb34bed034b,e226dfed6544df5b7b87a48208690feb,delivered,2018-02-03 09:56:22,2018-02-03 10:33:41,2018-02-06 16:18:28,2018-02-16 17:28:48,2018-03-09 00:00:00,f9e4b658b201a9f2ecdecbb34bed034b,1,d1c427060a0f73f6b889a5c7c61f2ac4,a1043bafd471dff536d0c462352beb48,2018-02-08 10:31:15,149.0,45.12,a1043bafd471dff536d0c462352beb48,37175,ilicinea,MG,e226dfed6544df5b7b87a48208690feb,1d47144362c14e94ccdd213e8ec277d5,44571,santo antonio de jesus,BA,f9e4b658b201a9f2ecdecbb34bed034b,1,credit_card,1,194.12,d1c427060a0f73f6b889a5c7c61f2ac4,informatica_acessorios,59.0,1893.0,1.0,6550.0,20.0,20.0,20.0
4,e64fb393e7b32834bb789ff8bb30750e,658677c97b385a9be170737859d3511b,5,,Recebi bem antes do prazo estipulado.,2017-04-21 00:00:00,2017-04-21 22:02:06,658677c97b385a9be170737859d3511b,de6dff97e5f1ba84a3cd9a3bc97df5f6,delivered,2017-04-09 17:41:13,2017-04-09 17:55:19,2017-04-10 14:24:47,2017-04-20 09:08:35,2017-05-10 00:00:00,658677c97b385a9be170737859d3511b,1,52c80cedd4e90108bf4fa6a206ef6b03,a1043bafd471dff536d0c462352beb48,2017-04-13 17:55:19,179.99,42.85,a1043bafd471dff536d0c462352beb48,37175,ilicinea,MG,de6dff97e5f1ba84a3cd9a3bc97df5f6,c8cf6cb6b838dc7a33ed199b825e8616,88735,gravatal,SC,658677c97b385a9be170737859d3511b,1,credit_card,1,222.84,52c80cedd4e90108bf4fa6a206ef6b03,ferramentas_jardim,33.0,2188.0,2.0,7650.0,20.0,20.0,20.0
5,f7c4243c7fe1938f181bec41a392bdeb,8e6bfb81e283fa7e4f11123a3fb894f1,5,,Parabéns lojas lannister adorei comprar pela Internet seguro e prático Parabéns a todos feliz Páscoa,2018-03-01 00:00:00,2018-03-02 10:26:53,8e6bfb81e283fa7e4f11123a3fb894f1,5986b333ca0d44534a156a52a8e33a83,delivered,2018-02-10 10:59:03,2018-02-10 15:48:21,2018-02-15 19:36:14,2018-02-28 16:33:35,2018-03-09 00:00:00,8e6bfb81e283fa7e4f11123a3fb894f1,1,3880d25d502b15b1de6fddc42ad1d67a,989becdce12ebc39863c2bceab6f3ca1,2018-02-15 15:48:21,1199.0,134.25,989becdce12ebc39863c2bceab6f3ca1,81730,curitiba,PR,5986b333ca0d44534a156a52a8e33a83,d16000272660a1fef81482ad75ba572a,89520,curitibanos,SC,8e6bfb81e283fa7e4f11123a3fb894f1,1,credit_card,10,1333.25,3880d25d502b15b1de6fddc42ad1d67a,esporte_lazer,48.0,562.0,5.0,9850.0,105.0,35.0,50.0
6,15197aa66ff4d0650b5434f1b46cda19,b18dcdf73be66366873cd26c5724d1dc,1,,,2018-04-13 00:00:00,2018-04-16 00:39:37,b18dcdf73be66366873cd26c5724d1dc,eecafc3ff695f031bfe354a9fff9d437,delivered,2018-04-06 22:18:54,2018-04-09 20:10:35,2018-04-11 16:48:35,2018-04-12 17:17:53,2018-05-03 00:00:00,b18dcdf73be66366873cd26c5724d1dc,1,c45d02cc82cd779835094de9b29272cb,da8622b14eb17ae2831f4ac5b9dab84a,2018-04-13 20:10:35,99.9,13.2,da8622b14eb17ae2831f4ac5b9dab84a,13405,piracicaba,SP,eecafc3ff695f031bfe354a9fff9d437,bda84be75dfc9588ae63cfe827080b9b,1536,sao paulo,SP,b18dcdf73be66366873cd26c5724d1dc,1,credit_card,1,462.7,c45d02cc82cd779835094de9b29272cb,cama_mesa_banho,57.0,246.0,2.0,950.0,46.0,6.0,36.0
7,15197aa66ff4d0650b5434f1b46cda19,b18dcdf73be66366873cd26c5724d1dc,1,,,2018-04-13 00:00:00,2018-04-16 00:39:37,b18dcdf73be66366873cd26c5724d1dc,eecafc3ff695f031bfe354a9fff9d437,delivered,2018-04-06 22:18:54,2018-04-09 20:10:35,2018-04-11 16:48:35,2018-04-12 17:17:53,2018-05-03 00:00:00,b18dcdf73be66366873cd26c5724d1dc,2,c45d02cc82cd779835094de9b29272cb,da8622b14eb17ae2831f4ac5b9dab84a,2018-04-13 20:10:35,99.9,13.2,da8622b14eb17ae2831f4ac5b9dab84a,13405,piracicaba,SP,eecafc3ff695f031bfe354a9fff9d437,bda84be75dfc9588ae63cfe827080b9b,1536,sao paulo,SP,b18dcdf73be66366873cd26c5724d1dc,1,credit_card,1,462.7,c45d02cc82cd779835094de9b29272cb,cama_mesa_banho,57.0,246.0,2.0,950.0,46.0,6.0,36.0
8,15197aa66ff4d0650b5434f1b46cda19,b18dcdf73be66366873cd26c5724d1dc,1,,,2018-04-13 00:00:00,2018-04-16 00:39:37,b18dcdf73be66366873cd26c5724d1dc,eecafc3ff695f031bfe354a9fff9d437,delivered,2018-04-06 22:18:54,2018-04-09 20:10:35,2018-04-11 16:48:35,2018-04-12 17:17:53,2018-05-03 00:00:00,b18dcdf73be66366873cd26c5724d1dc,3,4e3550b4ebca5e32ccc3d32b3470e31f,41ab63a91b8b264e8c8780368bf1dd5b,2018-04-23 20:10:35,119.0,4.4,41ab63a91b8b264e8c8780368bf1dd5b,31555,belo horizonte,MG,eecafc3ff695f031bfe354a9fff9d437,bda84be75dfc9588ae63cfe827080b9b,1536,sao paulo,SP,b18dcdf73be66366873cd26c5724d1dc,1,credit_card,1,462.7,4e3550b4ebca5e32ccc3d32b3470e31f,cama_mesa_banho,30.0,568.0,1.0,900.0,17.0,22.0,17.0
9,15197aa66ff4d0650b5434f1b46cda19,b18dcdf73be66366873cd26c5724d1dc,1,,,2018-04-13 00:00:00,2018-04-16 00:39:37,b18dcdf73be66366873cd26c5724d1dc,eecafc3ff695f031bfe354a9fff9d437,delivered,2018-04-06 22:18:54,2018-04-09 20:10:35,2018-04-11 16:48:35,2018-04-12 17:17:53,2018-05-03 00:00:00,b18dcdf73be66366873cd26c5724d1dc,4,c45d02cc82cd779835094de9b29272cb,da8622b14eb17ae2831f4ac5b9dab84a,2018-04-13 20:10:35,99.9,13.2,da8622b14eb17ae2831f4ac5b9dab84a,13405,piracicaba,SP,eecafc3ff695f031bfe354a9fff9d437,bda84be75dfc9588ae63cfe827080b9b,1536,sao paulo,SP,b18dcdf73be66366873cd26c5724d1dc,1,credit_card,1,462.7,c45d02cc82cd779835094de9b29272cb,cama_mesa_banho,57.0,246.0,2.0,950.0,46.0,6.0,36.0
10,07f9bee5d1b850860defd761afa7ff16,e48aa0d2dcec3a2e87348811bcfdf22b,5,,,2017-07-16 00:00:00,2017-07-18 19:30:34,e48aa0d2dcec3a2e87348811bcfdf22b,840be0730010e9580efd289bc9f37706,delivered,2017-06-30 15:38:46,2017-06-30 15:50:17,2017-07-03 16:22:53,2017-07-15 12:57:24,2017-08-03 00:00:00,e48aa0d2dcec3a2e87348811bcfdf22b,1,3152a0c0d93abeec99e4a6169aecc88b,d2374cbcbb3ca4ab1086534108cc3ab7,2017-07-20 15:50:17,46.9,11.85,d2374cbcbb3ca4ab1086534108cc3ab7,14940,ibitinga,SP,840be0730010e9580efd289bc9f37706,dcd4940b3f96a3e2b73d8f73387230cf,8412,sao paulo,SP,e48aa0d2dcec3a2e87348811bcfdf22b,1,credit_card,2,58.75,3152a0c0d93abeec99e4a6169aecc88b,cama_mesa_banho,35.0,133.0,1.0,600.0,40.0,4.0,30.0
11,7c6400515c67679fbee952a7525281ef,c31a859e34e3adac22f376954e19b39d,5,,,2018-08-14 00:00:00,2018-08-14 21:36:06,c31a859e34e3adac22f376954e19b39d,98f485515e575607a8003b17e91990bd,delivered,2018-08-07 23:12:29,2018-08-07 23:25:10,2018-08-08 14:18:00,2018-08-13 18:08:28,2018-10-10 00:00:00,c31a859e34e3adac22f376954e19b39d,1,306e6b5dda3397e4a9312f94d82565b5,1b938a7ec6ac5061a66a3766e0e75f90,2018-08-09 23:25:10,139.9,59.06,1b938a7ec6ac5061a66a3766e0e75f90,16304,penapolis,SP,98f485515e575607a8003b17e91990bd,c7b4fb0959a97e7033ff9bef3b1e2ba9,27521,resende,RJ,c31a859e34e3adac22f376954e19b39d,1,credit_card,3,198.96,306e6b5dda3397e4a9312f94d82565b5,brinquedos,54.0,1213.0,9.0,8450.0,30.0,26.0,12.0
12,a3f6f7f6f433de0aefbb97da197c554c,9c214ac970e84273583ab523dfafd09b,5,,,2017-05-17 00:00:00,2017-05-18 12:05:37,9c214ac970e84273583ab523dfafd09b,daf813bc2e41c86027d086e8dfb35571,delivered,2017-05-08 13:35:48,2017-05-08 13:50:15,2017-05-09 14:19:29,2017-05-16 16:49:51,2017-05-30 00:00:00,9c214ac970e84273583ab523dfafd09b,1,35afc973633aaeb6b877ff57b2793310,4a3ca9315b744ce9f8e9374361493884,2017-05-15 13:50:15,89.9,12.13,4a3ca9315b744ce9f8e9374361493884,14940,ibitinga,SP,daf813bc2e41c86027d086e8dfb35571,8c89391790076834500661cc1e5d6860,12316,jacarei,SP,9c214ac970e84273583ab523dfafd09b,1,credit_card,3,102.03,35afc973633aaeb6b877ff57b2793310,casa_conforto,56.0,176.0,1.0,1825.0,53.0,10.0,40.0
13,8670d52e15e00043ae7de4c01cc2fe06,b9bf720beb4ab3728760088589c62129,4,recomendo,aparelho eficiente. no site a marca do aparelho esta impresso como 3desinfector e ao chegar esta com outro nome...atualizar com a marca correta uma vez que é o mesmo aparelho,2018-05-22 00:00:00,2018-05-23 16:45:47,b9bf720beb4ab3728760088589c62129,a5224bdc7685fd39cd7a23404415493d,delivered,2018-05-14 10:29:02,2018-05-15 10:37:47,2018-05-15 13:29:00,2018-05-21 17:52:12,2018-06-06 00:00:00,b9bf720beb4ab3728760088589c62129,1,61a4100ccd6d9c4c808a1fd954ddb8ad,05ff92fedb5be47920fea08e501238b9,2018-05-17 10:31:31,586.56,26.69,05ff92fedb5be47920fea08e501238b9,98803,santo angelo,RS,a5224bdc7685fd39cd7a23404415493d,2bf6fd4ad93eb21b3d604481c48decbf,1306,sao paulo,SP,b9bf720beb4ab3728760088589c62129,1,credit_card,8,613.25,61a4100ccd6d9c4c808a1fd954ddb8ad,eletroportateis,60.0,3839.0,4.0,1450.0,24.0,24.0,24.0
14,c9cfd2d5ab5911836ababae136c3a10c,cdf9aa68e72324eeb25c7de974696ee2,5,,,2017-12-23 00:00:00,2017-12-26 14:36:03,cdf9aa68e72324eeb25c7de974696ee2,272b46feddddc51904608ddd90feee33,delivered,2017-12-13 14:59:45,2017-12-13 15:07:23,2017-12-14 17:37:13,2017-12-22 12:49:55,2018-01-15 00:00:00,cdf9aa68e72324eeb25c7de974696ee2,1,25e2023ed83352bde98dc1490d14c3d8,de23c3b98a88888289c6f5cc1209054a,2017-12-19 15:07:23,119.99,17.0,de23c3b98a88888289c6f5cc1209054a,5530,sao paulo,SP,272b46feddddc51904608ddd90feee33,485fa1b8db05ed6fa0062ece4ce80d2e,35180,timoteo,MG,cdf9aa68e72324eeb25c7de974696ee2,1,credit_card,1,136.99,25e2023ed83352bde98dc1490d14c3d8,brinquedos,30.0,1024.0,1.0,887.0,30.0,22.0,20.0
15,96052551d87e5f62e6c9f6974ec392e9,3d374c9e46530bb5ed4a7648915306a6,5,,,2017-12-19 00:00:00,2017-12-20 10:25:22,3d374c9e46530bb5ed4a7648915306a6,b1af08103e1e17838522e5b9fbe2ed11,delivered,2017-12-06 10:36:19,2017-12-08 02:36:46,2017-12-08 23:27:38,2017-12-18 19:57:20,2018-01-02 00:00:00,3d374c9e46530bb5ed4a7648915306a6,1,7c03e2562178adecc404571f7c52db4e,f680f85bee2d253556ac91be391d2c82,2017-12-14 02:36:46,121.9,14.6,f680f85bee2d253556ac91be391d2c82,6365,carapicuiba,SP,b1af08103e1e17838522e5b9fbe2ed11,92dcd4992a1c796d78efe76628436880,30610,belo horizonte,MG,3d374c9e46530bb5ed4a7648915306a6,1,boleto,1,682.5,7c03e2562178adecc404571f7c52db4e,ferramentas_jardim,59.0,1367.0,1.0,250.0,22.0,6.0,11.0
16,96052551d87e5f62e6c9f6974ec392e9,3d374c9e46530bb5ed4a7648915306a6,5,,,2017-12-19 00:00:00,2017-12-20 10:25:22,3d374c9e46530bb5ed4a7648915306a6,b1af08103e1e17838522e5b9fbe2ed11,delivered,2017-12-06 10:36:19,2017-12-08 02:36:46,2017-12-08 23:27:38,2017-12-18 19:57:20,2018-01-02 00:00:00,3d374c9e46530bb5ed4a7648915306a6,2,7c03e2562178adecc404571f7c52db4e,f680f85bee2d253556ac91be391d2c82,2017-12-14 02:36:46,121.9,14.6,f680f85bee2d253556ac91be391d2c82,6365,carapicuiba,SP,b1af08103e1e17838522e5b9fbe2ed11,92dcd4992a1c796d78efe76628436880,30610,belo horizonte,MG,3d374c9e46530bb5ed4a7648915306a6,1,boleto,1,682.5,7c03e2562178adecc404571f7c52db4e,ferramentas_jardim,59.0,1367.0,1.0,250.0,22.0,6.0,11.0
17,96052551d87e5f62e6c9f6974ec392e9,3d374c9e46530bb5ed4a7648915306a6,5,,,2017-12-19 00:00:00,2017-12-20 10:25:22,3d374c9e46530bb5ed4a7648915306a6,b1af08103e1e17838522e5b9fbe2ed11,delivered,2017-12-06 10:36:19,2017-12-08 02:36:46,2017-12-08 23:27:38,2017-12-18 19:57:20,2018-01-02 00:00:00,3d374c9e46530bb5ed4a7648915306a6,3,7c03e2562178adecc404571f7c52db4e,f680f85bee2d253556ac91be391d2c82,2017-12-14 02:36:46,121.9,14.6,f680f85bee2d253556ac91be391d2c82,6365,carapicuiba,SP,b1af08103e1e17838522e5b9fbe2ed11,92dcd4992a1c796d78efe76628436880,30610,belo horizonte,MG,3d374c9e46530bb5ed4a7648915306a6,1,boleto,1,682.5,7c03e2562178adecc404571f7c52db4e,ferramentas_jardim,59.0,1367.0,1.0,250.0,22.0,6.0,11.0
18,96052551d87e5f62e6c9f6974ec392e9,3d374c9e46530bb5ed4a7648915306a6,5,,,2017-12-19 00:00:00,2017-12-20 10:25:22,3d374c9e46530bb5ed4a7648915306a6,b1af08103e1e17838522e5b9fbe2ed11,delivered,2017-12-06 10:36:19,2017-12-08 02:36:46,2017-12-08 23:27:38,2017-12-18 19:57:20,2018-01-02 00:00:00,3d374c9e46530bb5ed4a7648915306a6,4,7c03e2562178adecc404571f7c52db4e,f680f85bee2d253556ac91be391d2c82,2017-12-14 02:36:46,121.9,14.6,f680f85bee2d253556ac91be391d2c82,6365,carapicuiba,SP,b1af08103e1e17838522e5b9fbe2ed11,92dcd4992a1c796d78efe76628436880,30610,belo horizonte,MG,3d374c9e46530bb5ed4a7648915306a6,1,boleto,1,682.5,7c03e2562178adecc404571f7c52db4e,ferramentas_jardim,59.0,1367.0,1.0,250.0,22.0,6.0,11.0
19,96052551d87e5f62e6c9f6974ec392e9,3d374c9e46530bb5ed4a7648915306a6,5,,,2017-12-19 00:00:00,2017-12-20 10:25:22,3d374c9e46530bb5ed4a7648915306a6,b1af08103e1e17838522e5b9fbe2ed11,delivered,2017-12-06 10:36:19,2017-12-08 02:36:46,2017-12-08 23:27:38,2017-12-18 19:57:20,2018-01-02 00:00:00,3d374c9e46530bb5ed4a7648915306a6,5,7c03e2562178adecc404571f7c52db4e,f680f85bee2d253556ac91be391d2c82,2017-12-14 02:36:46,121.9,14.6,f680f85bee2d253556ac91be391d2c82,6365,carapicuiba,SP,b1af08103e1e17838522e5b9fbe2ed11,92dcd4992a1c796d78efe76628436880,30610,belo horizonte,MG,3d374c9e46530bb5ed4a7648915306a6,1,boleto,1,682.5,7c03e2562178adecc404571f7c52db4e,ferramentas_jardim,59.0,1367.0,1.0,250.0,22.0,6.0,11.0
20,4b49719c8a200003f700d3d986ea1a19,9d6f15f95d01e79bd1349cc208361f09,4,,"Mas um pouco ,travando...pelo valor ta Boa.
",2018-02-16 00:00:00,2018-02-20 10:52:22,9d6f15f95d01e79bd1349cc208361f09,8ebbeb09e94d1e789142983f73faa9cd,delivered,2018-02-12 16:07:34,2018-02-12 16:27:39,2018-02-14 20:04:16,2018-02-15 19:16:54,2018-02-26 00:00:00,9d6f15f95d01e79bd1349cc208361f09,1,acffe5d7cd56e6b564cf6841486644ff,db4350fd57ae30082dec7acbaacc17f9,2018-02-16 16:27:39,35.0,7.78,db4350fd57ae30082dec7acbaacc17f9,3126,sao paulo,SP,8ebbeb09e94d1e789142983f73faa9cd,a5ee02c2d02b8929c0949fc114c5a19e,6700,cotia,SP,9d6f15f95d01e79bd1349cc208361f09,1,credit_card,2,42.78,acffe5d7cd56e6b564cf6841486644ff,beleza_saude,58.0,356.0,1.0,200.0,19.0,4.0,11.0
21,23f75a37effc35d9a915b4e1ad483793,2eaf8e099d871cd5c22b83b5ea8f6e0e,4,,,2018-03-28 00:00:00,2018-03-30 15:10:55,2eaf8e099d871cd5c22b83b5ea8f6e0e,9d53af6298240d4573ca6e52bcfa6c63,delivered,2018-03-21 11:22:23,2018-03-21 11:35:27,2018-03-22 19:38:40,2018-03-28 02:11:10,2018-04-11 00:00:00,2eaf8e099d871cd5c22b83b5ea8f6e0e,1,51afee91e441387a77e232e59c3d6135,0df3984f9dfb3d49ac6366acbd3bbb85,2018-03-27 11:35:27,24.9,22.06,0df3984f9dfb3d49ac6366acbd3bbb85,32604,betim,MG,9d53af6298240d4573ca6e52bcfa6c63,b110d5017bf181177474511359c81f46,45208,jequie,BA,2eaf8e099d871cd5c22b83b5ea8f6e0e,1,credit_card,1,46.96,51afee91e441387a77e232e59c3d6135,beleza_saude,43.0,810.0,1.0,175.0,19.0,7.0,12.0
22,9a0abbb668bafb95a6d2b05db43284c4,d7bd0e4afdf94846eb73642b4e3e75c3,3,,,2017-04-30 00:00:00,2017-05-03 00:02:22,d7bd0e4afdf94846eb73642b4e3e75c3,12a063cae60cd7bc2f0029514b21d24c,delivered,2017-04-23 18:55:04,2017-04-23 19:05:37,2017-04-24 10:19:01,2017-04-29 10:19:55,2017-05-11 00:00:00,d7bd0e4afdf94846eb73642b4e3e75c3,1,def59eb2e17b32b980b5341984f6b500,f8db351d8c4c4c22c6835c19a46f01b0,2017-04-27 19:05:37,22.9,14.61,f8db351d8c4c4c22c6835c19a46f01b0,13324,salto,SP,12a063cae60cd7bc2f0029514b21d24c,672b26e7ff626fde67fe227d535780ba,9931,diadema,SP,d7bd0e4afdf94846eb73642b4e3e75c3,1,credit_card,1,67.72,def59eb2e17b32b980b5341984f6b500,pet_shop,50.0,365.0,3.0,300.0,24.0,12.0,12.0
23,9a0abbb668bafb95a6d2b05db43284c4,d7bd0e4afdf94846eb73642b4e3e75c3,3,,,2017-04-30 00:00:00,2017-05-03 00:02:22,d7bd0e4afdf94846eb73642b4e3e75c3,12a063cae60cd7bc2f0029514b21d24c,delivered,2017-04-23 18:55:04,2017-04-23 19:05:37,2017-04-24 10:19:01,2017-04-29 10:19:55,2017-05-11 00:00:00,d7bd0e4afdf94846eb73642b4e3e75c3,2,f3dadecca4b876a315481c79b8adcf16,f8db351d8c4c4c22c6835c19a46f01b0,2017-04-27 19:05:37,22.9,7.31,f8db351d8c4c4c22c6835c19a46f01b0,13324,salto,SP,12a063cae60cd7bc2f0029514b21d24c,672b26e7ff626fde67fe227d535780ba,9931,diadema,SP,d7bd0e4afdf94846eb73642b4e3e75c3,1,credit_card,1,67.72,f3dadecca4b876a315481c79b8adcf16,pet_shop,50.0,365.0,3.0,300.0,24.0,12.0,12.0
24,3948b09f7c818e2d86c9a546758b2335,e51478e7e277a83743b6f9991dbfa3fb,5,Super recomendo,"Vendedor confiável, produto ok e entrega antes do prazo.",2018-05-23 00:00:00,2018-05-24 03:00:01,e51478e7e277a83743b6f9991dbfa3fb,659ded3e9b43aaf51cf9586d03033b46,delivered,2018-05-18 18:20:45,2018-05-18 18:35:28,2018-05-19 09:27:00,2018-05-22 14:58:47,2018-06-07 00:00:00,e51478e7e277a83743b6f9991dbfa3fb,1,6871a3c157d6f51697e887f3c3598479,974cf2cb8f4b7add98709c30df02fe10,2018-05-24 18:31:29,89.99,13.07,974cf2cb8f4b7add98709c30df02fe10,14802,araraquara,SP,659ded3e9b43aaf51cf9586d03033b46,57b1099bb38ee91578d2f1c3ee154082,7055,guarulhos,SP,e51478e7e277a83743b6f9991dbfa3fb,1,credit_card,1,103.06,6871a3c157d6f51697e887f3c3598479,informatica_acessorios,58.0,1923.0,4.0,850.0,25.0,11.0,15.0
25,9314d6f9799f5bfba510cc7bcd468c01,0dacf04c5ad59fd5a0cc1faa07c34e39,2,,"GOSTARIA DE SABER O QUE HOUVE, SEMPRE RECEBI E ESSA COMPRA AGORA ME DECPCIONOU",2018-01-18 00:00:00,2018-01-20 21:25:45,0dacf04c5ad59fd5a0cc1faa07c34e39,db13a417a95ad304e9674468c17ade85,delivered,2017-12-19 13:14:37,2017-12-19 13:32:58,2017-12-20 20:28:58,2018-02-21 01:25:41,2018-01-17 00:00:00,0dacf04c5ad59fd5a0cc1faa07c34e39,1,4413a608a42bd21bbf9d5abbd58c249a,7ddcbb64b5bc1ef36ca8c151f6ec77df,2017-12-26 13:32:58,166.99,21.66,7ddcbb64b5bc1ef36ca8c151f6ec77df,4403,sao paulo,SP,db13a417a95ad304e9674468c17ade85,70f81beee33fd4ac0ebf59d61dee4b1e,26950,paty do alferes,RJ,0dacf04c5ad59fd5a0cc1faa07c34e39,1,credit_card,4,188.65,4413a608a42bd21bbf9d5abbd58c249a,cool_stuff,57.0,1620.0,1.0,2350.0,16.0,40.0,16.0
26,8e15a274d95600fa14f8be64e37a0e67,ff1581e08b3011021e7c7de592ddc81e,5,,,2018-03-24 00:00:00,2018-03-26 15:58:32,ff1581e08b3011021e7c7de592ddc81e,0f3c16514be9fe9bdb840983701d2ce6,delivered,2018-03-21 22:37:09,2018-03-21 22:50:25,2018-03-22 22:03:29,2018-03-24 00:52:29,2018-04-03 00:00:00,ff1581e08b3011021e7c7de592ddc81e,1,566a4f2c4385f36d15c00dfcaae132d1,8b321bb669392f5163d04c59e235e066,2018-03-27 22:50:25,21.9,8.29,8b321bb669392f5163d04c59e235e066,1212,sao paulo,SP,0f3c16514be9fe9bdb840983701d2ce6,a8a5dafb6ee0d2f70241b74f6123374c,2409,sao paulo,SP,ff1581e08b3011021e7c7de592ddc81e,1,credit_card,1,30.19,566a4f2c4385f36d15c00dfcaae132d1,eletronicos,43.0,391.0,1.0,150.0,25.0,7.0,16.0
27,fdbdb2629a7cde0f66657acc92084e7f,70a752414a13d09cc1f2b437b914b28e,3,,,2017-09-29 00:00:00,2017-10-02 01:12:49,70a752414a13d09cc1f2b437b914b28e,db3234528c502acda9991fd53d7223d6,delivered,2017-09-19 20:03:29,2017-09-19 20:24:07,2017-09-20 21:48:52,2017-09-28 21:58:54,2017-10-10 00:00:00,70a752414a13d09cc1f2b437b914b28e,1,4583e308182e4e78d5b71b5af1804def,cd68562d3f44870c08922d380acae552,2017-09-25 20:24:07,153.2,16.83,cd68562d3f44870c08922d380acae552,14050,ribeirao preto,SP,db3234528c502acda9991fd53d7223d6,ac28756ae14e9bab4d0da284e2ed0724,39401,montes claros,MG,70a752414a13d09cc1f2b437b914b28e,1,credit_card,1,170.03,4583e308182e4e78d5b71b5af1804def,bebes,41.0,565.0,1.0,450.0,16.0,12.0,13.0
28,373cbeecea8286a2b66c97b1b157ec46,583174fbe37d3d5f0d6661be3aad1786,1,Não chegou meu produto ,Péssimo,2018-08-15 00:00:00,2018-08-15 04:10:37,583174fbe37d3d5f0d6661be3aad1786,e545e697bb9d1b81e0a702121d4e94d5,canceled,2018-08-04 19:25:07,2018-08-05 19:24:33,,,2018-08-13 00:00:00,583174fbe37d3d5f0d6661be3aad1786,1,55a1e3d39ace9c0b217f6c30b04d43c0,0be8ff43f22e456b4e0371b2245e4d01,2018-08-08 19:24:33,89.9,9.38,0be8ff43f22e456b4e0371b2245e4d01,4461,sao paulo,SP,e545e697bb9d1b81e0a702121d4e94d5,cdbbafa842e30d5e79dcef5bdc118831,7175,guarulhos,SP,583174fbe37d3d5f0d6661be3aad1786,1,credit_card,2,99.28,55a1e3d39ace9c0b217f6c30b04d43c0,malas_acessorios,29.0,895.0,2.0,550.0,45.0,15.0,35.0
29,a2ff510ca4e059c3fefc7a7866571f6f,a9953b2f0b1665ac7586cc5a6ac8f58c,4,,,2017-10-06 00:00:00,2017-10-08 22:36:05,a9953b2f0b1665ac7586cc5a6ac8f58c,1f5856eeda57cbd78ba0dcdddd0439e4,delivered,2017-09-13 20:28:20,2017-09-13 20:44:13,2017-09-19 19:02:35,2017-10-05 14:42:21,2017-10-11 00:00:00,a9953b2f0b1665ac7586cc5a6ac8f58c,1,86b7e59b8c6473f95f439aa2d445d879,9baf5cb77970f539089d09a38bcec5c3,2017-09-26 20:44:13,149.99,21.54,9baf5cb77970f539089d09a38bcec5c3,13330,indaiatuba,SP,1f5856eeda57cbd78ba0dcdddd0439e4,b35fe73d885d2fb911e95249814c5785,36415,congonhas,MG,a9953b2f0b1665ac7586cc5a6ac8f58c,1,credit_card,4,171.53,86b7e59b8c6473f95f439aa2d445d879,utilidades_domesticas,54.0,1150.0,1.0,1700.0,33.0,12.0,33.0
30,80c70bc263881ba6525f6cee1d94ac87,ae168dfba236919411fe08f336fefa44,5,,,2018-03-17 00:00:00,2018-04-04 19:41:11,ae168dfba236919411fe08f336fefa44,63572a1269de35c881dc1ca268e20fa0,delivered,2018-02-27 09:10:07,2018-02-27 09:30:27,2018-03-07 22:07:22,2018-03-16 23:56:32,2018-03-22 00:00:00,ae168dfba236919411fe08f336fefa44,1,f5cb4f19ca215fb34aef190918d45f46,8e6d7754bc7e0f22c96d255ebda59eba,2018-03-05 09:30:27,88.89,15.37,8e6d7754bc7e0f22c96d255ebda59eba,12233,sao jose dos campos,SP,63572a1269de35c881dc1ca268e20fa0,862c48ca034901de6c270480e9aee0c2,35460,brumadinho,MG,ae168dfba236919411fe08f336fefa44,1,credit_card,4,312.78,f5cb4f19ca215fb34aef190918d45f46,informatica_acessorios,47.0,219.0,1.0,200.0,23.0,11.0,15.0
31,80c70bc263881ba6525f6cee1d94ac87,ae168dfba236919411fe08f336fefa44,5,,,2018-03-17 00:00:00,2018-04-04 19:41:11,ae168dfba236919411fe08f336fefa44,63572a1269de35c881dc1ca268e20fa0,delivered,2018-02-27 09:10:07,2018-02-27 09:30:27,2018-03-07 22:07:22,2018-03-16 23:56:32,2018-03-22 00:00:00,ae168dfba236919411fe08f336fefa44,2,f5cb4f19ca215fb34aef190918d45f46,8e6d7754bc7e0f22c96d255ebda59eba,2018-03-05 09:30:27,88.89,15.37,8e6d7754bc7e0f22c96d255ebda59eba,12233,sao jose dos campos,SP,63572a1269de35c881dc1ca268e20fa0,862c48ca034901de6c270480e9aee0c2,35460,brumadinho,MG,ae168dfba236919411fe08f336fefa44,1,credit_card,4,312.78,f5cb4f19ca215fb34aef190918d45f46,informatica_acessorios,47.0,219.0,1.0,200.0,23.0,11.0,15.0
32,80c70bc263881ba6525f6cee1d94ac87,ae168dfba236919411fe08f336fefa44,5,,,2018-03-17 00:00:00,2018-04-04 19:41:11,ae168dfba236919411fe08f336fefa44,63572a1269de35c881dc1ca268e20fa0,delivered,2018-02-27 09:10:07,2018-02-27 09:30:27,2018-03-07 22:07:22,2018-03-16 23:56:32,2018-03-22 00:00:00,ae168dfba236919411fe08f336fefa44,3,f5cb4f19ca215fb34aef190918d45f46,8e6d7754bc7e0f22c96d255ebda59eba,2018-03-05 09:30:27,88.89,15.37,8e6d7754bc7e0f22c96d255ebda59eba,12233,sao jose dos campos,SP,63572a1269de35c881dc1ca268e20fa0,862c48ca034901de6c270480e9aee0c2,35460,brumadinho,MG,ae168dfba236919411fe08f336fefa44,1,credit_card,4,312.78,f5cb4f19ca215fb34aef190918d45f46,informatica_acessorios,47.0,219.0,1.0,200.0,23.0,11.0,15.0
33,d21bbc789670eab777d27372ab9094cc,4fc44d78867142c627497b60a7e0228a,5,Ótimo,Loja nota 10,2018-07-10 00:00:00,2018-07-11 14:10:25,4fc44d78867142c627497b60a7e0228a,e494ff798e6549f9ba9747f00f5681c2,delivered,2018-07-04 20:34:57,2018-07-05 16:33:00,2018-07-05 15:55:00,2018-07-09 20:27:50,2018-07-23 00:00:00,4fc44d78867142c627497b60a7e0228a,1,c56ecdd06c754c22fc5c5245d9502e30,8b2492b7ff4468839593fafeed55bad9,2018-07-08 21:31:40,51.67,13.57,8b2492b7ff4468839593fafeed55bad9,24451,sao goncalo,RJ,e494ff798e6549f9ba9747f00f5681c2,a2b04fc2ec07fc6fbbdfbf8fd1fe5a30,27345,barra mansa,RJ,4fc44d78867142c627497b60a7e0228a,1,credit_card,2,65.24,c56ecdd06c754c22fc5c5245d9502e30,beleza_saude,60.0,1064.0,2.0,200.0,16.0,8.0,11.0
34,7bcb3c758c67f23638262c731493e848,7c9956750739a47dba7a6928ba2f0245,5,,,2017-09-09 00:00:00,2017-10-17 02:25:47,7c9956750739a47dba7a6928ba2f0245,b65dda35fa1e480e28ded92bd5efe474,delivered,2017-08-28 21:57:49,2017-08-29 05:33:05,2017-08-29 17:49:11,2017-09-08 15:56:52,2017-09-14 00:00:00,7c9956750739a47dba7a6928ba2f0245,1,53b36df67ebb7c41585e8d54d6772e08,4869f7a5dfa277a7dca6462dcf3b52b2,2017-09-04 05:33:05,159.9,12.62,4869f7a5dfa277a7dca6462dcf3b52b2,14840,guariba,SP,b65dda35fa1e480e28ded92bd5efe474,1bcf153b346692b403d5454e3bd3a209,3704,sao paulo,SP,7c9956750739a47dba7a6928ba2f0245,1,boleto,1,172.52,53b36df67ebb7c41585e8d54d6772e08,relogios_presentes,33.0,523.0,3.0,584.0,16.0,11.0,13.0
35,0e0190b9db53b689b285d3f3916f8441,79832b7cb59ac6f887088ffd686e1d5e,5,,obrigado pela atençao amim dispensada,2017-12-01 00:00:00,2017-12-09 22:58:58,79832b7cb59ac6f887088ffd686e1d5e,ce3e77ff426cf554944d321064dd87f2,delivered,2017-11-21 08:52:33,2017-11-21 09:06:46,2017-11-21 17:07:08,2017-12-01 00:33:58,2017-12-15 00:00:00,79832b7cb59ac6f887088ffd686e1d5e,1,99a0e0cc451b1508edc91dd621c2f66a,7142540dd4c91e2237acb7e911c4eba2,2017-11-27 09:06:46,59.9,19.66,7142540dd4c91e2237acb7e911c4eba2,16301,penapolis,SP,ce3e77ff426cf554944d321064dd87f2,cca20bbdb16d521c1f94eaf7209717b6,45960,medeiros neto,BA,79832b7cb59ac6f887088ffd686e1d5e,1,credit_card,1,79.56,99a0e0cc451b1508edc91dd621c2f66a,automotivo,60.0,651.0,5.0,4400.0,78.0,4.0,47.0
36,66e4430c5bc6b7e3773886bf1c14d912,84cec4f65c7a4f2f54c294a30224a594,5,,,2017-06-23 00:00:00,2017-06-27 00:52:02,84cec4f65c7a4f2f54c294a30224a594,61a1d82e44d450a06016bb941595446d,delivered,2017-06-14 20:25:41,2017-06-15 07:15:11,2017-06-16 13:33:10,2017-06-22 14:34:29,2017-07-07 00:00:00,84cec4f65c7a4f2f54c294a30224a594,1,e5da60b217874889dd4becf29412d793,2138ccb85b11a4ec1e37afbd1c8eda1f,2017-06-21 07:15:11,29.99,15.1,2138ccb85b11a4ec1e37afbd1c8eda1f,8250,sao paulo,SP,61a1d82e44d450a06016bb941595446d,37de7bc494e562febe3514ba1ef16d14,36135,santa rita de jacutinga,MG,84cec4f65c7a4f2f54c294a30224a594,1,credit_card,4,45.09,e5da60b217874889dd4becf29412d793,telefonia,53.0,428.0,1.0,100.0,19.0,3.0,11.0
37,bf566b3910c328733baf7fca7d2be041,a59a15e4b6085c752d338431dc68d464,4,,,2017-11-01 00:00:00,2017-11-01 20:25:30,a59a15e4b6085c752d338431dc68d464,2047d319716b4d8b858394394eb760de,delivered,2017-10-18 08:47:45,2017-10-18 09:06:21,2017-10-18 21:13:52,2017-10-31 15:23:57,2017-11-13 00:00:00,a59a15e4b6085c752d338431dc68d464,1,ca38c039b717207dec906f4fa9a21db7,01bcc9d254a0143f0ce9791b960b2a47,2017-10-24 09:06:21,158.7,36.43,01bcc9d254a0143f0ce9791b960b2a47,76400,uruacu,GO,2047d319716b4d8b858394394eb760de,10392a29f932eb4ba6c6483ce413efd1,29706,colatina,ES,a59a15e4b6085c752d338431dc68d464,1,credit_card,1,195.13,ca38c039b717207dec906f4fa9a21db7,beleza_saude,53.0,3734.0,5.0,538.0,23.0,12.0,34.0
38,fe3db7c069d694bab50cc43463f91608,2ca73e2ff9e3a186ad1e1ffb9b1d9c10,5,,"A compra foi realizada facilmente.
A entrega foi efetuada muito antes do prazo dado.
O produto já começou a ser usado e até o presente,
sem problemas.",2018-03-23 00:00:00,2018-04-01 00:27:51,2ca73e2ff9e3a186ad1e1ffb9b1d9c10,e76f777f29e83b393d786accf49e7955,delivered,2018-03-18 21:01:32,2018-03-18 21:15:36,2018-03-19 19:52:47,2018-03-23 00:32:34,2018-04-11 00:00:00,2ca73e2ff9e3a186ad1e1ffb9b1d9c10,1,b83738ac1903f7c8f0ed378cb085909c,c003204e1ab016dfa150abc119207b24,2018-03-22 21:15:36,139.9,39.97,c003204e1ab016dfa150abc119207b24,7790,cajamar,SP,e76f777f29e83b393d786accf49e7955,8dcc2df92d70fe1040029d1901208d96,40279,salvador,BA,2ca73e2ff9e3a186ad1e1ffb9b1d9c10,1,credit_card,1,179.87,b83738ac1903f7c8f0ed378cb085909c,eletronicos,56.0,1184.0,3.0,5700.0,20.0,15.0,13.0
39,e07eee7ad7666276bd8b27fbd83fd1ff,68b3cbc68e4cd1fe19bec35f1d3bb7ee,5,,relógio muito bonito e barato.,2018-03-29 00:00:00,2018-04-02 14:19:31,68b3cbc68e4cd1fe19bec35f1d3bb7ee,1a814d4c8923ef3a0e978777f00b717c,delivered,2018-03-10 00:42:20,2018-03-10 01:21:04,2018-03-12 21:05:34,2018-03-28 18:13:06,2018-03-29 00:00:00,68b3cbc68e4cd1fe19bec35f1d3bb7ee,1,52d163dd9192d5a70afc33cd8c60131e,6560211a19b47992c3666cc44a7e94c0,2018-03-15 01:21:04,65.0,15.33,6560211a19b47992c3666cc44a7e94c0,5849,sao paulo,SP,1a814d4c8923ef3a0e978777f00b717c,d277ef4a75c805239e54be86625e0722,71929,brasilia,DF,68b3cbc68e4cd1fe19bec35f1d3bb7ee,1,credit_card,8,80.33,52d163dd9192d5a70afc33cd8c60131e,relogios_presentes,54.0,221.0,7.0,150.0,16.0,2.0,11.0
40,2c5e27fc178bde7ac173c9c62c31b070,0ce9a24111d850192a933fcaab6fbad3,1,,Não gostei ! Comprei gato por lebre,2017-12-13 00:00:00,2017-12-16 07:14:07,0ce9a24111d850192a933fcaab6fbad3,5bb8de60ca2ca8b01a5ce471802fe10b,delivered,2017-11-24 01:40:48,2017-11-24 01:49:34,2017-12-06 15:19:09,2017-12-13 00:28:44,2017-12-19 00:00:00,0ce9a24111d850192a933fcaab6fbad3,1,948c22764c5080442c29a9c3da89b40f,54965bbe3e4f07ae045b90b0b8541f52,2017-11-30 01:49:34,159.9,28.5,54965bbe3e4f07ae045b90b0b8541f52,85851,foz do iguacu,PR,5bb8de60ca2ca8b01a5ce471802fe10b,75a8009b779f5925f34196f17b19962a,22450,rio de janeiro,RJ,0ce9a24111d850192a933fcaab6fbad3,1,credit_card,4,188.4,948c22764c5080442c29a9c3da89b40f,cama_mesa_banho,48.0,729.0,1.0,3400.0,20.0,30.0,30.0
41,540e7bbb2d06cfb7f85f3a88ba7ac97f,cf73e2cb1f4a9480ed70c154da3d954a,5,,,2018-01-18 00:00:00,2018-01-18 19:12:30,cf73e2cb1f4a9480ed70c154da3d954a,ef1ed1347404166e73e8f3977ffcbca0,delivered,2018-01-11 11:23:09,2018-01-12 02:38:33,2018-01-13 01:07:00,2018-01-17 14:36:38,2018-02-01 00:00:00,cf73e2cb1f4a9480ed70c154da3d954a,1,4ee0872b98a6a08ce8c8b65e2502842d,efcd8d2104f1a05d028af7bad20d974b,2018-01-18 02:38:33,50.0,11.85,efcd8d2104f1a05d028af7bad20d974b,16012,aracatuba,SP,ef1ed1347404166e73e8f3977ffcbca0,21effa61d72771ba8315ab56ce7fb7ac,3807,sao paulo,SP,cf73e2cb1f4a9480ed70c154da3d954a,1,boleto,1,61.85,4ee0872b98a6a08ce8c8b65e2502842d,fashion_bolsas_e_acessorios,37.0,558.0,1.0,100.0,17.0,3.0,12.0
42,6a18a4001ae7fd911b3b9fb13686d105,8ba3f3a9292fbc22a8b7dff752bbcd37,5,,,2017-07-19 00:00:00,2017-07-20 10:38:48,8ba3f3a9292fbc22a8b7dff752bbcd37,0315a87fba4dab4865f2071777b98e87,delivered,2017-07-07 10:07:16,2017-07-07 10:23:34,2017-07-08 11:46:44,2017-07-18 23:16:44,2017-07-31 00:00:00,8ba3f3a9292fbc22a8b7dff752bbcd37,1,84a87daa85c8b432d90bc1baa0cb4388,aafe36600ce604f205b86b5084d3d767,2017-07-13 10:23:34,59.9,16.18,aafe36600ce604f205b86b5084d3d767,88115,sao jose,SC,0315a87fba4dab4865f2071777b98e87,ea86add4caaaf87ef892d12ca1033012,18053,sorocaba,SP,8ba3f3a9292fbc22a8b7dff752bbcd37,1,credit_card,1,16.08,84a87daa85c8b432d90bc1baa0cb4388,bebes,37.0,1266.0,3.0,700.0,21.0,10.0,15.0
43,6a18a4001ae7fd911b3b9fb13686d105,8ba3f3a9292fbc22a8b7dff752bbcd37,5,,,2017-07-19 00:00:00,2017-07-20 10:38:48,8ba3f3a9292fbc22a8b7dff752bbcd37,0315a87fba4dab4865f2071777b98e87,delivered,2017-07-07 10:07:16,2017-07-07 10:23:34,2017-07-08 11:46:44,2017-07-18 23:16:44,2017-07-31 00:00:00,8ba3f3a9292fbc22a8b7dff752bbcd37,1,84a87daa85c8b432d90bc1baa0cb4388,aafe36600ce604f205b86b5084d3d767,2017-07-13 10:23:34,59.9,16.18,aafe36600ce604f205b86b5084d3d767,88115,sao jose,SC,0315a87fba4dab4865f2071777b98e87,ea86add4caaaf87ef892d12ca1033012,18053,sorocaba,SP,8ba3f3a9292fbc22a8b7dff752bbcd37,2,voucher,1,20.0,84a87daa85c8b432d90bc1baa0cb4388,bebes,37.0,1266.0,3.0,700.0,21.0,10.0,15.0
44,6a18a4001ae7fd911b3b9fb13686d105,8ba3f3a9292fbc22a8b7dff752bbcd37,5,,,2017-07-19 00:00:00,2017-07-20 10:38:48,8ba3f3a9292fbc22a8b7dff752bbcd37,0315a87fba4dab4865f2071777b98e87,delivered,2017-07-07 10:07:16,2017-07-07 10:23:34,2017-07-08 11:46:44,2017-07-18 23:16:44,2017-07-31 00:00:00,8ba3f3a9292fbc22a8b7dff752bbcd37,1,84a87daa85c8b432d90bc1baa0cb4388,aafe36600ce604f205b86b5084d3d767,2017-07-13 10:23:34,59.9,16.18,aafe36600ce604f205b86b5084d3d767,88115,sao jose,SC,0315a87fba4dab4865f2071777b98e87,ea86add4caaaf87ef892d12ca1033012,18053,sorocaba,SP,8ba3f3a9292fbc22a8b7dff752bbcd37,3,voucher,1,20.0,84a87daa85c8b432d90bc1baa0cb4388,bebes,37.0,1266.0,3.0,700.0,21.0,10.0,15.0
45,6a18a4001ae7fd911b3b9fb13686d105,8ba3f3a9292fbc22a8b7dff752bbcd37,5,,,2017-07-19 00:00:00,2017-07-20 10:38:48,8ba3f3a9292fbc22a8b7dff752bbcd37,0315a87fba4dab4865f2071777b98e87,delivered,2017-07-07 10:07:16,2017-07-07 10:23:34,2017-07-08 11:46:44,2017-07-18 23:16:44,2017-07-31 00:00:00,8ba3f3a9292fbc22a8b7dff752bbcd37,1,84a87daa85c8b432d90bc1baa0cb4388,aafe36600ce604f205b86b5084d3d767,2017-07-13 10:23:34,59.9,16.18,aafe36600ce604f205b86b5084d3d767,88115,sao jose,SC,0315a87fba4dab4865f2071777b98e87,ea86add4caaaf87ef892d12ca1033012,18053,sorocaba,SP,8ba3f3a9292fbc22a8b7dff752bbcd37,4,voucher,1,20.0,84a87daa85c8b432d90bc1baa0cb4388,bebes,37.0,1266.0,3.0,700.0,21.0,10.0,15.0
46,58044bca115705a48fe0e00a21390c54,68e55ca79d04a79f20d4bfc0146f4b66,1,,"Sempre compro pela Internet e a entrega ocorre antes do prazo combinado, que acredito ser o prazo máximo. No stark o prazo máximo já se esgotou e ainda não recebi o produto.",2018-04-08 00:00:00,2018-04-09 12:22:39,68e55ca79d04a79f20d4bfc0146f4b66,30e6e854c81fa16f46a5d7f3ab025e6f,delivered,2018-03-16 12:51:35,2018-03-16 13:09:21,2018-03-20 18:32:31,2018-04-11 02:12:46,2018-04-06 00:00:00,68e55ca79d04a79f20d4bfc0146f4b66,1,bfc0d01be79d9038c7720f983bf954e0,634964b17796e64304cadf1ad3050fb7,2018-03-22 13:09:21,137.0,17.67,634964b17796e64304cadf1ad3050fb7,21840,rio de janeiro,RJ,30e6e854c81fa16f46a5d7f3ab025e6f,660786ed04a09347d8820938113f1df7,93260,esteio,RS,68e55ca79d04a79f20d4bfc0146f4b66,1,credit_card,6,154.67,bfc0d01be79d9038c7720f983bf954e0,relogios_presentes,59.0,2852.0,2.0,950.0,40.0,20.0,12.0
47,19a52a2297e5289ab4187d238d335982,677c865b89aa97e7dbeb4bfbb50bbcfd,5,,,2018-08-25 00:00:00,2018-08-26 22:02:59,677c865b89aa97e7dbeb4bfbb50bbcfd,529d3f46584a8fa9027777a9c7d5a1fc,delivered,2018-08-14 23:08:33,2018-08-14 23:24:13,2018-08-23 12:51:00,2018-08-24 23:42:42,2018-08-31 00:00:00,677c865b89aa97e7dbeb4bfbb50bbcfd,1,e2bab04d6a471ed7a3629fbe2a64b55a,beadbee30901a7f61d031b6b686095ad,2018-08-30 23:24:13,85.0,7.86,beadbee30901a7f61d031b6b686095ad,7097,guarulhos,SP,529d3f46584a8fa9027777a9c7d5a1fc,e1881c7d99c20ca24a49cf18f115db40,2435,sao paulo,SP,677c865b89aa97e7dbeb4bfbb50bbcfd,1,credit_card,9,92.86,e2bab04d6a471ed7a3629fbe2a64b55a,perfumaria,51.0,950.0,1.0,300.0,16.0,19.0,14.0
48,c92cdd7dd544a01aa35137f901669cdf,37e7875cdce5a9e5b3a692971f370151,4,Muito bom.,"Recebi exatamente o que esperava. As demais encomendas de outros vendedores atrasaram, mas esta chegou no prazo.",2018-06-07 00:00:00,2018-06-09 18:44:02,37e7875cdce5a9e5b3a692971f370151,3fecd6727aed19735e06945b7c3e49c9,delivered,2018-05-18 12:15:11,2018-05-18 13:05:53,2018-05-21 16:13:00,2018-06-06 18:22:40,2018-06-14 00:00:00,37e7875cdce5a9e5b3a692971f370151,1,a76bb75d78ce6aa4a5202051b4f88a83,bd15ee794d5e640d9dd71b665b2ab15b,2018-05-24 13:05:53,34.9,22.06,bd15ee794d5e640d9dd71b665b2ab15b,14078,ribeirao preto,SP,3fecd6727aed19735e06945b7c3e49c9,f51a647a551b866c440921b7f2b5683f,41230,salvador,BA,37e7875cdce5a9e5b3a692971f370151,1,credit_card,1,56.96,a76bb75d78ce6aa4a5202051b4f88a83,esporte_lazer,52.0,460.0,2.0,300.0,19.0,12.0,16.0
49,c0f4c8301f8c29d6f53d239e194bb4c2,04db86e3493b3724ac4bd3c9a397e23c,5,,,2017-09-12 00:00:00,2017-09-13 14:33:49,04db86e3493b3724ac4bd3c9a397e23c,ad1e6b608a4dca0dd25bf862939cf3aa,delivered,2017-08-28 12:12:38,2017-08-30 02:15:23,2017-08-31 20:51:24,2017-09-11 19:20:02,2017-09-14 00:00:00,04db86e3493b3724ac4bd3c9a397e23c,1,cee96128d25ffe3429e69452233838dd,cfb1a033743668a192316f3c6d1d2671,2017-09-05 02:15:23,28.9,11.85,cfb1a033743668a192316f3c6d1d2671,18110,votorantim,SP,ad1e6b608a4dca0dd25bf862939cf3aa,28a1eefd99d5c12b18c9e601df9e811f,15053,sao jose do rio preto,SP,04db86e3493b3724ac4bd3c9a397e23c,1,boleto,1,122.25,cee96128d25ffe3429e69452233838dd,cama_mesa_banho,48.0,417.0,1.0,266.0,28.0,5.0,16.0
50,c0f4c8301f8c29d6f53d239e194bb4c2,04db86e3493b3724ac4bd3c9a397e23c,5,,,2017-09-12 00:00:00,2017-09-13 14:33:49,04db86e3493b3724ac4bd3c9a397e23c,ad1e6b608a4dca0dd25bf862939cf3aa,delivered,2017-08-28 12:12:38,2017-08-30 02:15:23,2017-08-31 20:51:24,2017-09-11 19:20:02,2017-09-14 00:00:00,04db86e3493b3724ac4bd3c9a397e23c,2,cee96128d25ffe3429e69452233838dd,cfb1a033743668a192316f3c6d1d2671,2017-09-05 02:15:23,28.9,11.85,cfb1a033743668a192316f3c6d1d2671,18110,votorantim,SP,ad1e6b608a4dca0dd25bf862939cf3aa,28a1eefd99d5c12b18c9e601df9e811f,15053,sao jose do rio preto,SP,04db86e3493b3724ac4bd3c9a397e23c,1,boleto,1,122.25,cee96128d25ffe3429e69452233838dd,cama_mesa_banho,48.0,417.0,1.0,266.0,28.0,5.0,16.0
51,c0f4c8301f8c29d6f53d239e194bb4c2,04db86e3493b3724ac4bd3c9a397e23c,5,,,2017-09-12 00:00:00,2017-09-13 14:33:49,04db86e3493b3724ac4bd3c9a397e23c,ad1e6b608a4dca0dd25bf862939cf3aa,delivered,2017-08-28 12:12:38,2017-08-30 02:15:23,2017-08-31 20:51:24,2017-09-11 19:20:02,2017-09-14 00:00:00,04db86e3493b3724ac4bd3c9a397e23c,3,cee96128d25ffe3429e69452233838dd,cfb1a033743668a192316f3c6d1d2671,2017-09-05 02:15:23,28.9,11.85,cfb1a033743668a192316f3c6d1d2671,18110,votorantim,SP,ad1e6b608a4dca0dd25bf862939cf3aa,28a1eefd99d5c12b18c9e601df9e811f,15053,sao jose do rio preto,SP,04db86e3493b3724ac4bd3c9a397e23c,1,boleto,1,122.25,cee96128d25ffe3429e69452233838dd,cama_mesa_banho,48.0,417.0,1.0,266.0,28.0,5.0,16.0
52,08c9d79ec0eba1d252e3f52f14b8e6a9,e029f708df3cc108b3264558771605c6,5,Bom,"Recomendo ,",2018-06-13 00:00:00,2018-06-13 22:54:44,e029f708df3cc108b3264558771605c6,d2aa6bef2582c7482ab992fa89f965bd,delivered,2018-06-01 14:12:09,2018-06-01 14:32:30,2018-06-05 14:48:00,2018-06-12 19:41:53,2018-06-29 00:00:00,e029f708df3cc108b3264558771605c6,1,c8b96022819f31119f1404ad2c3c1059,ce20a2ec1514c25e16f2b5b39bc818f0,2018-06-11 14:31:22,41.0,17.34,ce20a2ec1514c25e16f2b5b39bc818f0,5186,sao paulo,SP,d2aa6bef2582c7482ab992fa89f965bd,08b2a675de579ef181675f82c081fca6,13190,monte mor,SP,e029f708df3cc108b3264558771605c6,1,credit_card,1,58.34,c8b96022819f31119f1404ad2c3c1059,pet_shop,54.0,1581.0,2.0,5450.0,30.0,30.0,30.0
53,2170c9452c2216457b36003fe2969fbb,af32671d0b8ce510a94d9111d97371d3,5,,muito boa ,2018-03-22 00:00:00,2018-03-30 23:37:25,af32671d0b8ce510a94d9111d97371d3,ccafbef5836bb3f6604cd55c75d54b4b,delivered,2018-03-13 06:30:45,2018-03-15 03:29:31,2018-03-16 18:14:00,2018-03-21 17:41:01,2018-04-02 00:00:00,af32671d0b8ce510a94d9111d97371d3,1,93c480c7d11c68ba0a71e850da61b674,70a12e78e608ac31179aea7f8422044b,2018-03-22 03:29:31,149.0,13.48,70a12e78e608ac31179aea7f8422044b,12327,jacarei,SP,ccafbef5836bb3f6604cd55c75d54b4b,37787985ad57f421268d1da9e9555eea,9613,sao bernardo do campo,SP,af32671d0b8ce510a94d9111d97371d3,1,boleto,1,162.48,93c480c7d11c68ba0a71e850da61b674,informatica_acessorios,42.0,458.0,4.0,300.0,16.0,4.0,20.0
54,b193ff3c9f32a01f3a0d9ae26b94d244,e2e6ee1ed2d7f2f36b05d234983bd7a0,5,Maravilhoso!,"Tô completamente apaixonada, loja super responsável e confiável!",2018-08-10 00:00:00,2018-08-11 00:22:13,e2e6ee1ed2d7f2f36b05d234983bd7a0,20a92c393edb6c08801eef97295257f7,delivered,2018-07-28 13:14:57,2018-07-30 09:50:20,2018-08-01 15:24:00,2018-08-09 00:21:10,2018-08-17 00:00:00,e2e6ee1ed2d7f2f36b05d234983bd7a0,1,ac8af924237ed4591dc8d9b8c6a935f0,5670f4db5b62c43d542e1b2d56b0cf7c,2018-08-01 09:50:20,682.98,69.23,5670f4db5b62c43d542e1b2d56b0cf7c,3694,sao paulo,SP,20a92c393edb6c08801eef97295257f7,17b0188c89ac68aa7fcc43c9d48fd3ff,56328,petrolina,PE,e2e6ee1ed2d7f2f36b05d234983bd7a0,1,credit_card,4,752.21,ac8af924237ed4591dc8d9b8c6a935f0,perfumaria,41.0,2282.0,4.0,6100.0,30.0,40.0,30.0
55,9fd59cd04b42f600df9f25e54082a8d1,3c314f50bc654f3c4e317b055681dff9,1,,Nada de chegar o meu pedido.,2017-04-21 00:00:00,2017-04-23 05:37:03,3c314f50bc654f3c4e317b055681dff9,c17d38e818f10c91ebcd036bc835a648,delivered,2017-03-16 14:36:05,2017-03-16 14:36:05,2017-03-20 07:39:53,2017-04-24 09:18:11,2017-04-19 00:00:00,3c314f50bc654f3c4e317b055681dff9,1,56b83ac081e4e6ea5f87323b4e46e85c,318f287a62ab7ac10b703ac37435a231,2017-03-22 14:36:05,59.0,31.7,318f287a62ab7ac10b703ac37435a231,4773,sao paulo,SP,c17d38e818f10c91ebcd036bc835a648,3b81cc8417be691f3159596da7e08a3c,64980,corrente,PI,3c314f50bc654f3c4e317b055681dff9,1,credit_card,2,296.89,56b83ac081e4e6ea5f87323b4e46e85c,cama_mesa_banho,47.0,1343.0,1.0,1100.0,45.0,8.0,35.0
56,9fd59cd04b42f600df9f25e54082a8d1,3c314f50bc654f3c4e317b055681dff9,1,,Nada de chegar o meu pedido.,2017-04-21 00:00:00,2017-04-23 05:37:03,3c314f50bc654f3c4e317b055681dff9,c17d38e818f10c91ebcd036bc835a648,delivered,2017-03-16 14:36:05,2017-03-16 14:36:05,2017-03-20 07:39:53,2017-04-24 09:18:11,2017-04-19 00:00:00,3c314f50bc654f3c4e317b055681dff9,2,a87567bdce60de6f901e3d7c6d8df820,318f287a62ab7ac10b703ac37435a231,2017-03-22 14:36:05,85.0,30.48,318f287a62ab7ac10b703ac37435a231,4773,sao paulo,SP,c17d38e818f10c91ebcd036bc835a648,3b81cc8417be691f3159596da7e08a3c,64980,corrente,PI,3c314f50bc654f3c4e317b055681dff9,1,credit_card,2,296.89,a87567bdce60de6f901e3d7c6d8df820,cama_mesa_banho,30.0,1328.0,1.0,1800.0,55.0,10.0,35.0
57,9fd59cd04b42f600df9f25e54082a8d1,3c314f50bc654f3c4e317b055681dff9,1,,Nada de chegar o meu pedido.,2017-04-21 00:00:00,2017-04-23 05:37:03,3c314f50bc654f3c4e317b055681dff9,c17d38e818f10c91ebcd036bc835a648,delivered,2017-03-16 14:36:05,2017-03-16 14:36:05,2017-03-20 07:39:53,2017-04-24 09:18:11,2017-04-19 00:00:00,3c314f50bc654f3c4e317b055681dff9,3,56b83ac081e4e6ea5f87323b4e46e85c,318f287a62ab7ac10b703ac37435a231,2017-03-22 14:36:05,59.0,31.7,318f287a62ab7ac10b703ac37435a231,4773,sao paulo,SP,c17d38e818f10c91ebcd036bc835a648,3b81cc8417be691f3159596da7e08a3c,64980,corrente,PI,3c314f50bc654f3c4e317b055681dff9,1,credit_card,2,296.89,56b83ac081e4e6ea5f87323b4e46e85c,cama_mesa_banho,47.0,1343.0,1.0,1100.0,45.0,8.0,35.0
58,ab3056e4fb5a36df4b58c1746e4a6b8f,aad1dcbe4c9fe2e3486e5e04c6649097,2,,,2018-05-13 00:00:00,2018-05-14 16:29:15,aad1dcbe4c9fe2e3486e5e04c6649097,2438ba50f3a77cbfd3377900835fb526,delivered,2018-04-24 14:52:50,2018-04-24 18:19:47,2018-04-25 11:37:00,2018-05-12 15:04:50,2018-05-21 00:00:00,aad1dcbe4c9fe2e3486e5e04c6649097,1,7f064525eaaa1ce9d22c085f7ff5413a,6560211a19b47992c3666cc44a7e94c0,2018-04-30 15:31:18,49.0,18.23,6560211a19b47992c3666cc44a7e94c0,5849,sao paulo,SP,2438ba50f3a77cbfd3377900835fb526,8a83acf0dd42f798fb6f421ee13e11b4,27933,macae,RJ,aad1dcbe4c9fe2e3486e5e04c6649097,1,voucher,1,67.23,7f064525eaaa1ce9d22c085f7ff5413a,relogios_presentes,50.0,578.0,3.0,250.0,16.0,2.0,20.0
59,eb26c2bfb5030f57dcef30d3f111eb1e,88096595631e8d26b658306256e3ce34,1,,,2018-02-08 00:00:00,2018-02-10 04:28:43,88096595631e8d26b658306256e3ce34,29a48e3e901b5187dae9af8a5563c795,delivered,2018-01-05 16:35:15,2018-01-05 16:48:00,2018-01-08 19:45:07,2018-02-19 22:54:48,2018-02-06 00:00:00,88096595631e8d26b658306256e3ce34,1,fcf4c9a897ae906e5a467ebf4589dffd,44073f8b7e41514de3b7815dd0237f4f,2018-01-11 16:48:00,278.0,20.19,44073f8b7e41514de3b7815dd0237f4f,71070,brasilia,DF,29a48e3e901b5187dae9af8a5563c795,e0faaaa5e888cd42e05f697c6dcb398f,21870,rio de janeiro,RJ,88096595631e8d26b658306256e3ce34,1,credit_card,8,298.19,fcf4c9a897ae906e5a467ebf4589dffd,bebes,60.0,262.0,1.0,987.0,25.0,25.0,25.0
60,caf7d6d68090fedf0f47b27aff4b4eaf,c186ebe3937470a2f562a2dc0bc74dd7,5,,,2017-12-05 00:00:00,2017-12-07 23:34:56,c186ebe3937470a2f562a2dc0bc74dd7,20b5aae6a3e31111009f9a7ecc31a232,delivered,2017-11-27 13:33:35,2017-11-29 13:37:08,2017-12-01 19:32:51,2017-12-04 20:33:19,2017-12-14 00:00:00,c186ebe3937470a2f562a2dc0bc74dd7,1,2028bf1b01cafb2d2b1901fca4083222,cc419e0650a3c5ba77189a1882b7556a,2017-12-08 13:30:45,56.99,8.72,cc419e0650a3c5ba77189a1882b7556a,9015,santo andre,SP,20b5aae6a3e31111009f9a7ecc31a232,e63d1b81ea1a2cc0a9468c06a4305e09,11015,santos,SP,c186ebe3937470a2f562a2dc0bc74dd7,1,credit_card,2,65.71,2028bf1b01cafb2d2b1901fca4083222,perfumaria,54.0,1536.0,2.0,250.0,20.0,8.0,21.0
61,86c5cfa7fcbde303f704b60a78ced7d6,a6456e781cb962cc3f412b04de4fed7b,5,Entrega perfeita,Muito bom. muito cheiroso.,2018-06-13 00:00:00,2018-06-14 17:29:03,a6456e781cb962cc3f412b04de4fed7b,eee13c10a26da9f6f1c5352b215a88c4,delivered,2018-06-10 13:45:22,2018-06-10 14:16:26,2018-06-11 09:05:00,2018-06-12 20:02:44,2018-06-20 00:00:00,a6456e781cb962cc3f412b04de4fed7b,1,47ae44a186225b8a87ebb7bf39cc1444,d4e12e7884759a14fa0f5f896c791cae,2018-06-12 14:16:26,54.9,11.15,d4e12e7884759a14fa0f5f896c791cae,2242,sao paulo,SP,eee13c10a26da9f6f1c5352b215a88c4,b16fb911b630683ceb69b95014c82af4,13042,campinas,SP,a6456e781cb962cc3f412b04de4fed7b,1,credit_card,6,66.05,47ae44a186225b8a87ebb7bf39cc1444,cama_mesa_banho,45.0,2126.0,1.0,1700.0,30.0,23.0,11.0
62,6f3eb43ec2f5092cf04c8d705864a8ac,f3a9c397a2fa5a2366b4b96bc15737f6,5,,,2018-03-11 00:00:00,2018-03-14 00:38:50,f3a9c397a2fa5a2366b4b96bc15737f6,8282c77cb03f64a929db1f36df79e92c,delivered,2018-02-26 18:45:14,2018-02-26 18:55:32,2018-03-05 20:22:21,2018-03-10 01:21:55,2018-03-19 00:00:00,f3a9c397a2fa5a2366b4b96bc15737f6,1,eb9b44e05684527fbfdfd0ff5cb86250,df0f42bc4c2142eacf0eaf2cffd0cfbb,2018-03-02 18:55:32,104.0,12.98,df0f42bc4c2142eacf0eaf2cffd0cfbb,88306,itajai,SC,8282c77cb03f64a929db1f36df79e92c,7288276c67d797e67a2bc2322ee575e1,89801,chapeco,SC,f3a9c397a2fa5a2366b4b96bc15737f6,1,credit_card,5,116.98,eb9b44e05684527fbfdfd0ff5cb86250,beleza_saude,20.0,873.0,3.0,400.0,18.0,9.0,28.0
63,3dc0777d97733a1d066f5b781e91577f,44a9994228432b835c3a4e720b6a41ab,4,,,2018-03-29 00:00:00,2018-03-31 00:13:07,44a9994228432b835c3a4e720b6a41ab,ae5ba6d5577f1b5e2db6fa6d96a9dbd9,delivered,2018-03-02 20:29:05,2018-03-06 03:55:30,2018-03-08 17:19:24,2018-03-28 19:27:44,2018-03-23 00:00:00,44a9994228432b835c3a4e720b6a41ab,1,20fbf8f8316bd76f105599ecc7e485f7,66922902710d126a0e7d26b0e3805106,2018-03-12 03:55:30,95.0,17.92,66922902710d126a0e7d26b0e3805106,31842,belo horizonte,MG,ae5ba6d5577f1b5e2db6fa6d96a9dbd9,3f221c8e33a9afc371b1d9f0c142e93f,13625,santa cruz da conceicao,SP,44a9994228432b835c3a4e720b6a41ab,1,boleto,1,112.92,20fbf8f8316bd76f105599ecc7e485f7,pet_shop,58.0,754.0,6.0,1450.0,40.0,20.0,30.0
64,e363a3c172db72d6a8b82d0726cd2ddb,1a36784e5c696071dad8a242f26b230f,5,,,2018-01-25 00:00:00,2018-02-18 23:03:20,1a36784e5c696071dad8a242f26b230f,600a3fb4f5eab2e7de4eee159be73c81,delivered,2018-01-16 15:53:41,2018-01-17 03:36:48,2018-01-17 17:09:06,2018-01-24 17:42:56,2018-02-06 00:00:00,1a36784e5c696071dad8a242f26b230f,1,7a10781637204d8d10485c71a6108a2e,4869f7a5dfa277a7dca6462dcf3b52b2,2018-01-23 03:36:48,229.0,14.62,4869f7a5dfa277a7dca6462dcf3b52b2,14840,guariba,SP,600a3fb4f5eab2e7de4eee159be73c81,241bf13e33ff7fd6d4c304d98852cdd4,12053,taubate,SP,1a36784e5c696071dad8a242f26b230f,1,boleto,1,243.62,7a10781637204d8d10485c71a6108a2e,relogios_presentes,42.0,236.0,1.0,342.0,18.0,13.0,15.0
65,890ec1767be8eb104877db6d68eaade5,b3271f5ebce80cbecb67c5b88487a44a,5,,"otimo vendedor chegou ate antes do prazo , adorei o produto",2017-05-13 00:00:00,2017-05-14 02:57:19,b3271f5ebce80cbecb67c5b88487a44a,f54cb508ef48caa49036a5598c5068be,delivered,2017-05-07 21:49:23,2017-05-07 22:02:07,2017-05-09 11:17:13,2017-05-15 11:22:26,2017-05-30 00:00:00,b3271f5ebce80cbecb67c5b88487a44a,1,63de2743d05ab59d85caa49e49459ac1,cbd996ad3c1b7dc71fd0e5f5df9087e2,2017-05-14 22:02:07,15.75,11.85,cbd996ad3c1b7dc71fd0e5f5df9087e2,15081,sao jose do rio preto,SP,f54cb508ef48caa49036a5598c5068be,3d66092b77465cef9b5ee637b2c0d8c7,4932,sao paulo,SP,b3271f5ebce80cbecb67c5b88487a44a,1,credit_card,2,27.6,63de2743d05ab59d85caa49e49459ac1,beleza_saude,51.0,951.0,1.0,178.0,18.0,11.0,17.0
66,23f570a1b0db9566bee04521a0410c54,82c5edeff15e09a0460d292874766132,5,,,2017-09-22 00:00:00,2017-09-23 13:57:39,82c5edeff15e09a0460d292874766132,deb1ce7ca68ee64461402e881a1c02ae,delivered,2017-09-13 17:44:20,2017-09-13 17:55:30,2017-09-14 17:55:29,2017-09-21 19:25:03,2017-10-04 00:00:00,82c5edeff15e09a0460d292874766132,1,22ca1399dde9714934f8ec09b6aca2fe,128f9bfbe4c7d5185033914b1de3d39a,2017-09-20 17:55:30,94.0,17.91,128f9bfbe4c7d5185033914b1de3d39a,12940,atibaia,SP,deb1ce7ca68ee64461402e881a1c02ae,bb1768775784cf4511ec7c6f40f86ca3,73369,brasilia,DF,82c5edeff15e09a0460d292874766132,1,credit_card,8,111.91,22ca1399dde9714934f8ec09b6aca2fe,beleza_saude,55.0,782.0,1.0,1650.0,31.0,26.0,29.0
67,7d9ac3e98adc0c8ad579e6a2257d79f9,dfa48852c93427261c98fb2e01f33bea,5,,Processo de compra tranquilo e eficiente.,2018-04-24 00:00:00,2018-04-25 16:01:03,dfa48852c93427261c98fb2e01f33bea,416a7d94443b80fbac2522a6d04237ce,delivered,2018-04-05 11:30:04,2018-04-06 03:10:17,2018-04-09 16:27:56,2018-04-23 15:11:19,2018-05-03 00:00:00,dfa48852c93427261c98fb2e01f33bea,1,e482ad963bfb9a9abc51b9850aca97b7,c2d70ce2c5d0a2eb75e78668236e6dc8,2018-04-12 03:10:17,49.0,18.23,c2d70ce2c5d0a2eb75e78668236e6dc8,4275,sao paulo,SP,416a7d94443b80fbac2522a6d04237ce,c864a13272534c93e342ea4d3f80d288,37680,goncalves,MG,dfa48852c93427261c98fb2e01f33bea,1,boleto,1,67.23,e482ad963bfb9a9abc51b9850aca97b7,utilidades_domesticas,45.0,293.0,1.0,250.0,19.0,8.0,11.0
68,c41bd21983e298a240410ebb391bf075,9562b424b05978a493db2a5122ecab1f,5,,Tomara q dure pois é de pelinho.,2017-05-19 00:00:00,2017-05-21 03:04:35,9562b424b05978a493db2a5122ecab1f,172de5a82ba2a67eb20621c2e4b4e34d,delivered,2017-05-08 17:34:29,2017-05-09 09:35:45,2017-05-09 13:48:26,2017-05-18 11:14:52,2017-05-29 00:00:00,9562b424b05978a493db2a5122ecab1f,1,9f684ef1e31358afd3d4ce991c576e2e,d20b021d3efdf267a402c402a48ea64b,2017-05-15 09:35:45,46.99,12.69,d20b021d3efdf267a402c402a48ea64b,14940,ibitinga,SP,172de5a82ba2a67eb20621c2e4b4e34d,b918da4934c7eabcda6e45b4e18aba53,7124,guarulhos,SP,9562b424b05978a493db2a5122ecab1f,1,boleto,1,59.68,9f684ef1e31358afd3d4ce991c576e2e,moveis_decoracao,63.0,517.0,2.0,900.0,80.0,10.0,60.0
69,e233e51d11511bf30e568c76360ace52,548df2c6e5f089574614894bca78acf5,1,,"recebi somente 1 controle Midea Split ESTILO.
Faltou Controle Remoto para Ar Condicionado Consul",2018-01-28 00:00:00,2018-02-04 11:06:15,548df2c6e5f089574614894bca78acf5,8c99550966de67486c939c2337338326,delivered,2018-01-10 16:41:11,2018-01-10 16:49:36,2018-01-13 00:13:15,2018-01-27 17:42:51,2018-02-06 00:00:00,548df2c6e5f089574614894bca78acf5,1,62ad9a8972411e333e16347051a98e2a,128639473a139ac0f3e5f5ade55873a5,2018-01-16 16:49:36,28.9,3.94,128639473a139ac0f3e5f5ade55873a5,87050,maringa,PR,8c99550966de67486c939c2337338326,aaebb8c7afcdabf86258d26301d4ee06,89255,jaragua do sul,SC,548df2c6e5f089574614894bca78acf5,1,credit_card,1,81.0,62ad9a8972411e333e16347051a98e2a,eletronicos,43.0,889.0,2.0,113.0,16.0,10.0,12.0
70,e233e51d11511bf30e568c76360ace52,548df2c6e5f089574614894bca78acf5,1,,"recebi somente 1 controle Midea Split ESTILO.
Faltou Controle Remoto para Ar Condicionado Consul",2018-01-28 00:00:00,2018-02-04 11:06:15,548df2c6e5f089574614894bca78acf5,8c99550966de67486c939c2337338326,delivered,2018-01-10 16:41:11,2018-01-10 16:49:36,2018-01-13 00:13:15,2018-01-27 17:42:51,2018-02-06 00:00:00,548df2c6e5f089574614894bca78acf5,2,566a4f2c4385f36d15c00dfcaae132d1,8b321bb669392f5163d04c59e235e066,2018-01-16 16:49:36,21.9,26.26,8b321bb669392f5163d04c59e235e066,1212,sao paulo,SP,8c99550966de67486c939c2337338326,aaebb8c7afcdabf86258d26301d4ee06,89255,jaragua do sul,SC,548df2c6e5f089574614894bca78acf5,1,credit_card,1,81.0,566a4f2c4385f36d15c00dfcaae132d1,eletronicos,43.0,391.0,1.0,150.0,25.0,7.0,16.0
71,1a74d76543e1b419b48daebee364c281,14861b02076ed7da9471988265a0104b,5,,,2018-07-14 00:00:00,2018-07-16 20:09:42,14861b02076ed7da9471988265a0104b,06e107f212576eccb2e2adc7781c9705,delivered,2018-07-12 00:03:11,2018-07-12 00:15:15,2018-07-12 14:03:00,2018-07-13 16:48:34,2018-07-26 00:00:00,14861b02076ed7da9471988265a0104b,1,bbff7e0ea95dd990ce461d8104ee9173,8fb791022c1fc8909664f48ab7dc636d,2018-07-20 00:15:15,2199.99,67.19,8fb791022c1fc8909664f48ab7dc636d,3976,sao paulo,SP,06e107f212576eccb2e2adc7781c9705,7dd0031f1da839843abbcda4e9fb317b,1258,sao paulo,SP,14861b02076ed7da9471988265a0104b,1,credit_card,4,2267.18,bbff7e0ea95dd990ce461d8104ee9173,eletrodomesticos_2,57.0,1933.0,4.0,15300.0,75.0,22.0,44.0
72,1edd1a85161468a77e5fcb165be9b294,d8e17cc85323061493b16b68a130bcff,5,Ótimo,,2018-06-02 00:00:00,2018-06-02 23:15:37,d8e17cc85323061493b16b68a130bcff,3678034a0428898b73d8c6a2b353e769,delivered,2018-04-26 17:28:37,2018-04-26 17:52:19,2018-04-30 08:40:00,2018-06-01 19:48:47,2018-06-01 00:00:00,d8e17cc85323061493b16b68a130bcff,1,ddceb6eef6af67e9fbbd4c148dbe5fd9,ceaec5548eefc6e23e6607c5435102e7,2018-05-09 17:52:19,209.99,27.91,ceaec5548eefc6e23e6607c5435102e7,3821,sao paulo,SP,3678034a0428898b73d8c6a2b353e769,7f71136093e2c5653179b2380e1cb00b,53433,paulista,PE,d8e17cc85323061493b16b68a130bcff,1,credit_card,1,237.9,ddceb6eef6af67e9fbbd4c148dbe5fd9,cool_stuff,52.0,516.0,1.0,4650.0,37.0,20.0,34.0
73,94c4db81ff5c234f53b54a15a8a41583,3fb155b4897652f5cdf1b5efff32a465,5,,,2017-12-15 00:00:00,2017-12-17 14:43:35,3fb155b4897652f5cdf1b5efff32a465,ab5a1016ed934dc4b18977cea536f65a,delivered,2017-11-30 10:15:17,2017-11-30 10:32:24,2017-12-01 22:57:10,2017-12-14 17:58:57,2018-01-05 00:00:00,3fb155b4897652f5cdf1b5efff32a465,1,1dec4c88c685d5a07bf01dcb0f8bf9f8,712e6ed8aa4aa1fa65dab41fed5737e4,2017-12-11 10:31:14,559.0,37.27,712e6ed8aa4aa1fa65dab41fed5737e4,89560,videira,SC,ab5a1016ed934dc4b18977cea536f65a,f3033234e737e044ab64490153959611,12512,guaratingueta,SP,3fb155b4897652f5cdf1b5efff32a465,1,credit_card,5,596.27,1dec4c88c685d5a07bf01dcb0f8bf9f8,automotivo,44.0,982.0,3.0,17600.0,49.0,49.0,23.0
74,3d94fd645cdaacc8c9f0dc0a2a1f5166,4d483bf690ca21bdc005df9b623673c7,5,,boa,2017-03-21 00:00:00,2017-03-22 00:58:49,4d483bf690ca21bdc005df9b623673c7,80a6a8b570864a52a54462d82b6fb51f,delivered,2017-03-16 21:16:46,2017-03-16 21:16:46,2017-03-17 13:12:29,2017-03-20 10:32:31,2017-04-04 00:00:00,4d483bf690ca21bdc005df9b623673c7,1,18d307d967bbf1300aa00b34f34c374c,e24fc9fcd865784fb25705606fe3dfe7,2017-03-22 21:16:46,414.0,19.05,e24fc9fcd865784fb25705606fe3dfe7,12913,braganca paulista,SP,80a6a8b570864a52a54462d82b6fb51f,97f0fce3f9d7aad1b12499a4e4b10d07,6537,santana de parnaiba,SP,4d483bf690ca21bdc005df9b623673c7,1,credit_card,8,433.05,18d307d967bbf1300aa00b34f34c374c,beleza_saude,64.0,1135.0,1.0,4600.0,34.0,9.0,34.0
75,cb6fe4f91f83d9222b7c8e14959055e1,84226f5c73669d7711ca44aa9cac602a,3,,,2018-05-10 00:00:00,2018-05-13 22:51:53,84226f5c73669d7711ca44aa9cac602a,346b20d184e7206d1b55ba6edabd61d6,delivered,2018-04-30 18:04:50,2018-05-01 02:55:33,2018-05-02 14:00:00,2018-05-09 20:51:58,2018-05-23 00:00:00,84226f5c73669d7711ca44aa9cac602a,1,babebd0af88094b11c6374034e7347f5,b56906f7fd1696e043f1bcce164c487b,2018-05-07 02:55:33,34.9,19.32,b56906f7fd1696e043f1bcce164c487b,19830,echapora,SP,346b20d184e7206d1b55ba6edabd61d6,3894553e805e7701befe17655de23870,29201,guarapari,ES,84226f5c73669d7711ca44aa9cac602a,1,credit_card,2,54.22,babebd0af88094b11c6374034e7347f5,beleza_saude,33.0,1209.0,1.0,700.0,16.0,17.0,11.0
76,45a523faa4defdf60118a90301b8a23e,26c4ac9998f72d4fcdca3c6e27089f1b,3,,,2017-10-27 00:00:00,2017-10-27 16:12:52,26c4ac9998f72d4fcdca3c6e27089f1b,23ea7968e6b9cd4226e24393bcb1c43b,delivered,2017-10-04 20:20:54,2017-10-06 02:14:35,2017-10-06 13:22:59,2017-10-26 18:40:02,2017-11-07 00:00:00,26c4ac9998f72d4fcdca3c6e27089f1b,1,3a0a3519bcf5912cff87d401e007c5db,41b39e28db005d9731d9d485a83b4c38,2017-10-13 02:14:35,49.5,17.92,41b39e28db005d9731d9d485a83b4c38,9220,santo andre,SP,23ea7968e6b9cd4226e24393bcb1c43b,f4af0c607eaeb3bc3f5b9eddad049396,48500,euclides da cunha,BA,26c4ac9998f72d4fcdca3c6e27089f1b,1,boleto,1,67.42,3a0a3519bcf5912cff87d401e007c5db,cool_stuff,55.0,132.0,1.0,5600.0,25.0,37.0,36.0
77,6eab2c9b7ea4975a0b0357a4c464b356,55101b36a58251926b6cbfdb540c0461,4,,,2018-05-31 00:00:00,2018-06-04 23:44:16,55101b36a58251926b6cbfdb540c0461,d5d8b3a49845e7291be73ad610ee09e4,delivered,2018-05-13 21:38:39,2018-05-13 21:52:33,2018-05-15 08:21:00,2018-05-30 15:03:42,2018-05-30 00:00:00,55101b36a58251926b6cbfdb540c0461,1,93c902b021a9e594f658ab1b0351602a,2e90cb1677d35cfe24eef47d441b7c87,2018-05-16 21:52:33,103.9,13.05,2e90cb1677d35cfe24eef47d441b7c87,2285,sao paulo,SP,d5d8b3a49845e7291be73ad610ee09e4,35a412904ddbb1be0734bfe8dc2c6796,25990,teresopolis,RJ,55101b36a58251926b6cbfdb540c0461,1,credit_card,10,116.95,93c902b021a9e594f658ab1b0351602a,eletronicos,60.0,390.0,7.0,1250.0,26.0,10.0,18.0
78,500c05500aa275953129f49799ee5c73,8a9424899aac432d80d8e580932b5ee9,5,MT lindo,MT lindo,2018-07-25 00:00:00,2018-07-25 21:37:22,8a9424899aac432d80d8e580932b5ee9,0297d4246fd48c7ed31b81c7f99776eb,delivered,2018-07-11 18:19:48,2018-07-11 18:35:17,2018-07-12 11:30:00,2018-07-24 16:11:44,2018-08-06 00:00:00,8a9424899aac432d80d8e580932b5ee9,1,6c50c87e36d8641d67fbcceed5cfec5e,6560211a19b47992c3666cc44a7e94c0,2018-07-13 18:35:17,55.0,37.3,6560211a19b47992c3666cc44a7e94c0,5849,sao paulo,SP,0297d4246fd48c7ed31b81c7f99776eb,7bf8aae1f297a6cf8573f9da5286435d,55700,limoeiro,PE,8a9424899aac432d80d8e580932b5ee9,1,credit_card,1,6.79,6c50c87e36d8641d67fbcceed5cfec5e,relogios_presentes,57.0,266.0,3.0,200.0,16.0,2.0,20.0
79,500c05500aa275953129f49799ee5c73,8a9424899aac432d80d8e580932b5ee9,5,MT lindo,MT lindo,2018-07-25 00:00:00,2018-07-25 21:37:22,8a9424899aac432d80d8e580932b5ee9,0297d4246fd48c7ed31b81c7f99776eb,delivered,2018-07-11 18:19:48,2018-07-11 18:35:17,2018-07-12 11:30:00,2018-07-24 16:11:44,2018-08-06 00:00:00,8a9424899aac432d80d8e580932b5ee9,1,6c50c87e36d8641d67fbcceed5cfec5e,6560211a19b47992c3666cc44a7e94c0,2018-07-13 18:35:17,55.0,37.3,6560211a19b47992c3666cc44a7e94c0,5849,sao paulo,SP,0297d4246fd48c7ed31b81c7f99776eb,7bf8aae1f297a6cf8573f9da5286435d,55700,limoeiro,PE,8a9424899aac432d80d8e580932b5ee9,2,voucher,1,85.51,6c50c87e36d8641d67fbcceed5cfec5e,relogios_presentes,57.0,266.0,3.0,200.0,16.0,2.0,20.0
80,399133d47ddc5f40df57c1ceba4e4540,603d76b730c972775ccf2a910bf23490,5,,,2018-04-03 00:00:00,2018-04-03 23:39:36,603d76b730c972775ccf2a910bf23490,97a148c9ad25b3c15b299382a18f12c4,delivered,2018-03-26 14:48:36,2018-03-26 15:08:46,2018-03-27 17:31:14,2018-04-02 19:03:18,2018-04-18 00:00:00,603d76b730c972775ccf2a910bf23490,1,016711f78a6a87696645db0a6a834826,a5cba26a62b8b4d0145b68b841e62e7f,2018-03-30 15:08:46,99.0,12.85,a5cba26a62b8b4d0145b68b841e62e7f,87303,campo mourao,PR,97a148c9ad25b3c15b299382a18f12c4,38c21a5932d9a1298ed51f53bf6c7f91,6775,taboao da serra,SP,603d76b730c972775ccf2a910bf23490,1,credit_card,3,111.85,016711f78a6a87696645db0a6a834826,beleza_saude,14.0,1366.0,2.0,1150.0,27.0,22.0,39.0
81,6a0969d0769d2f3ff6438809a1cc455e,32638fbca8d1a197e649fd5138e12049,5,,"Ocorreu tudo como contratado sendo a entrega realizada antes do prazo 
 Estou satisfeita
",2017-06-02 00:00:00,2017-06-03 13:12:07,32638fbca8d1a197e649fd5138e12049,bc30c70a15ad83ce13b6247e96f2dbd8,delivered,2017-05-24 17:01:03,2017-05-24 17:10:16,2017-05-26 14:41:33,2017-06-01 12:58:18,2017-06-20 00:00:00,32638fbca8d1a197e649fd5138e12049,1,d487634085fb3d1a632265c1e3de08c1,582d4f8675b945722eda7c0cb61ba4c7,2017-05-30 17:10:16,22.9,8.4,582d4f8675b945722eda7c0cb61ba4c7,11250,bertioga,SP,bc30c70a15ad83ce13b6247e96f2dbd8,172e5ceb39fc662dc3cd66286385e91c,91520,porto alegre,RS,32638fbca8d1a197e649fd5138e12049,1,credit_card,1,336.86,d487634085fb3d1a632265c1e3de08c1,ferramentas_jardim,27.0,271.0,2.0,600.0,22.0,4.0,13.0
82,6a0969d0769d2f3ff6438809a1cc455e,32638fbca8d1a197e649fd5138e12049,5,,"Ocorreu tudo como contratado sendo a entrega realizada antes do prazo 
 Estou satisfeita
",2017-06-02 00:00:00,2017-06-03 13:12:07,32638fbca8d1a197e649fd5138e12049,bc30c70a15ad83ce13b6247e96f2dbd8,delivered,2017-05-24 17:01:03,2017-05-24 17:10:16,2017-05-26 14:41:33,2017-06-01 12:58:18,2017-06-20 00:00:00,32638fbca8d1a197e649fd5138e12049,2,c261f239575a146a38e4d4c72b58f403,b1aaae6b66ad3c40f54b389d7ea4bee0,2017-05-30 17:10:16,93.5,59.28,b1aaae6b66ad3c40f54b389d7ea4bee0,4714,sao paulo,SP,bc30c70a15ad83ce13b6247e96f2dbd8,172e5ceb39fc662dc3cd66286385e91c,91520,porto alegre,RS,32638fbca8d1a197e649fd5138e12049,1,credit_card,1,336.86,c261f239575a146a38e4d4c72b58f403,moveis_decoracao,63.0,1285.0,11.0,10300.0,70.0,25.0,55.0
83,6a0969d0769d2f3ff6438809a1cc455e,32638fbca8d1a197e649fd5138e12049,5,,"Ocorreu tudo como contratado sendo a entrega realizada antes do prazo 
 Estou satisfeita
",2017-06-02 00:00:00,2017-06-03 13:12:07,32638fbca8d1a197e649fd5138e12049,bc30c70a15ad83ce13b6247e96f2dbd8,delivered,2017-05-24 17:01:03,2017-05-24 17:10:16,2017-05-26 14:41:33,2017-06-01 12:58:18,2017-06-20 00:00:00,32638fbca8d1a197e649fd5138e12049,3,4c6da5fa882447ab7e8d0fb767f8aa99,b1aaae6b66ad3c40f54b389d7ea4bee0,2017-05-30 17:10:16,93.5,59.28,b1aaae6b66ad3c40f54b389d7ea4bee0,4714,sao paulo,SP,bc30c70a15ad83ce13b6247e96f2dbd8,172e5ceb39fc662dc3cd66286385e91c,91520,porto alegre,RS,32638fbca8d1a197e649fd5138e12049,1,credit_card,1,336.86,4c6da5fa882447ab7e8d0fb767f8aa99,moveis_decoracao,63.0,1285.0,11.0,9000.0,70.0,25.0,55.0
84,8a64945e89526e68bc16383391590232,71960e6af960919256a958a3633e1040,5,,"Amei achei lindo ,muito delicado adorei",2018-04-18 00:00:00,2018-04-18 22:30:45,71960e6af960919256a958a3633e1040,72889b03d4e898e80bf55ea7e36961a6,delivered,2018-04-10 13:50:56,2018-04-10 14:10:00,2018-04-13 21:04:36,2018-04-17 18:58:44,2018-05-08 00:00:00,71960e6af960919256a958a3633e1040,1,fdc1340be043a0e6807741d687fc1cd4,fa1c13f2614d7b5c4749cbc52fecda94,2018-04-16 14:10:00,149.8,18.93,fa1c13f2614d7b5c4749cbc52fecda94,13170,sumare,SP,72889b03d4e898e80bf55ea7e36961a6,74e7f1bb83583aa050ec608c45e0c3df,38230,fronteira,MG,71960e6af960919256a958a3633e1040,1,credit_card,8,168.73,fdc1340be043a0e6807741d687fc1cd4,relogios_presentes,57.0,452.0,1.0,200.0,16.0,11.0,20.0
85,ca7402594d96f3231ee1bbae27da1e29,36782087b0d4f8cd6daa340872006259,5,,,2018-02-20 00:00:00,2018-02-21 01:40:57,36782087b0d4f8cd6daa340872006259,f44b3f6747f4f5927e4034d63992603c,delivered,2018-02-07 12:59:55,2018-02-07 13:15:39,2018-02-14 17:48:49,2018-02-19 20:17:32,2018-03-05 00:00:00,36782087b0d4f8cd6daa340872006259,1,389d119b48cf3043d311335e499d9c6b,1f50f920176fa81dab994f9023523100,2018-02-13 13:15:39,49.9,13.37,1f50f920176fa81dab994f9023523100,15025,sao jose do rio preto,SP,f44b3f6747f4f5927e4034d63992603c,199518f9eacfe6b6297851b562c87d4f,14065,ribeirao preto,SP,36782087b0d4f8cd6daa340872006259,1,credit_card,1,13.27,389d119b48cf3043d311335e499d9c6b,ferramentas_jardim,59.0,341.0,2.0,1750.0,37.0,22.0,40.0
86,ca7402594d96f3231ee1bbae27da1e29,36782087b0d4f8cd6daa340872006259,5,,,2018-02-20 00:00:00,2018-02-21 01:40:57,36782087b0d4f8cd6daa340872006259,f44b3f6747f4f5927e4034d63992603c,delivered,2018-02-07 12:59:55,2018-02-07 13:15:39,2018-02-14 17:48:49,2018-02-19 20:17:32,2018-03-05 00:00:00,36782087b0d4f8cd6daa340872006259,1,389d119b48cf3043d311335e499d9c6b,1f50f920176fa81dab994f9023523100,2018-02-13 13:15:39,49.9,13.37,1f50f920176fa81dab994f9023523100,15025,sao jose do rio preto,SP,f44b3f6747f4f5927e4034d63992603c,199518f9eacfe6b6297851b562c87d4f,14065,ribeirao preto,SP,36782087b0d4f8cd6daa340872006259,2,voucher,1,50.0,389d119b48cf3043d311335e499d9c6b,ferramentas_jardim,59.0,341.0,2.0,1750.0,37.0,22.0,40.0
87,c0dbf9a325d2a2fece43873be47191e1,b324f4270850cbba23533b9a9d3434a9,4,,"Ótima loja para parceria: rápidíssima, produtos bem embalados e de qualidade! Só o custo do frete que foi meio azedo.",2018-04-04 00:00:00,2018-04-06 15:43:39,b324f4270850cbba23533b9a9d3434a9,e9ca879579f4bf6379cc71a0f0d10c2f,delivered,2018-04-01 02:36:48,2018-04-01 03:27:28,2018-04-02 19:05:35,2018-04-03 21:38:39,2018-04-12 00:00:00,b324f4270850cbba23533b9a9d3434a9,1,1121a43969b79e65010c2a5cdd0dcb6c,febab0275244b9a49a623f0bd613ca2f,2018-04-05 03:27:28,117.8,41.3,febab0275244b9a49a623f0bd613ca2f,13920,pedreira,SP,e9ca879579f4bf6379cc71a0f0d10c2f,adcbd7364a0b76b4be25551270603452,13084,campinas,SP,b324f4270850cbba23533b9a9d3434a9,1,voucher,1,159.1,1121a43969b79e65010c2a5cdd0dcb6c,utilidades_domesticas,58.0,1204.0,1.0,11489.0,42.0,67.0,42.0
88,9924ac6169f2edc95ca3394e529f9580,a3ba7fa5266d62188949da3d6ccc3884,5,,,2018-02-27 00:00:00,2018-03-02 08:33:35,a3ba7fa5266d62188949da3d6ccc3884,66291a46c0d82f09f3b211f6cbfc37c0,delivered,2018-02-06 14:10:08,2018-02-06 15:55:54,2018-02-07 22:41:57,2018-02-26 14:48:49,2018-03-08 00:00:00,a3ba7fa5266d62188949da3d6ccc3884,1,6a4a789c85b5704975300632152e595c,0c7533c71df861ec58ad7ff999ed0e8d,2018-02-12 15:55:54,119.0,14.58,0c7533c71df861ec58ad7ff999ed0e8d,13270,valinhos,SP,66291a46c0d82f09f3b211f6cbfc37c0,d4543db8eab4055b35da5c716ed19c70,72900,santo antonio do descoberto,GO,a3ba7fa5266d62188949da3d6ccc3884,1,credit_card,8,133.58,6a4a789c85b5704975300632152e595c,perfumaria,26.0,157.0,1.0,195.0,35.0,10.0,13.0
89,e12a8d938f3092e010627d001f91d137,b3dca2e199b13ddabab4ed77d79ee9f6,5,,,2018-06-03 00:00:00,2018-06-06 12:41:24,b3dca2e199b13ddabab4ed77d79ee9f6,f127cfb44a80615cabe7a815ba206286,delivered,2018-05-16 16:49:42,2018-05-16 17:21:25,2018-05-17 14:35:00,2018-06-02 12:08:23,2018-06-06 00:00:00,b3dca2e199b13ddabab4ed77d79ee9f6,1,b532349fe46b38fbc7bb3914c1bdae07,1025f0e2d44d7041d6cf58b6550e0bfa,2018-05-21 17:21:25,35.0,14.49,1025f0e2d44d7041d6cf58b6550e0bfa,3204,sao paulo,SP,f127cfb44a80615cabe7a815ba206286,9801a2c53e40c68803158742466ad09a,85012,guarapuava,PR,b3dca2e199b13ddabab4ed77d79ee9f6,1,credit_card,1,49.49,b532349fe46b38fbc7bb3914c1bdae07,moveis_decoracao,49.0,829.0,1.0,850.0,20.0,25.0,20.0
90,109b5ce2dd11bb8460eff3b86da6fefc,25362fbf6aac4b01a28dee1e076acc26,5,Ótimo Produto! ,Recomendo o vendedor... ,2018-08-17 00:00:00,2018-08-17 21:47:08,25362fbf6aac4b01a28dee1e076acc26,ab35d7de3a6afe9a048803c7cb0ea90c,delivered,2018-08-08 00:43:30,2018-08-08 01:05:13,2018-08-13 15:38:00,2018-08-16 17:58:31,2018-08-20 00:00:00,25362fbf6aac4b01a28dee1e076acc26,1,7ae27ce0834f80f4e3779fd06ca9ce83,44ed138eca6214d572ce1d813fb0049b,2018-08-14 01:05:13,39.9,16.47,44ed138eca6214d572ce1d813fb0049b,92010,canoas,RS,ab35d7de3a6afe9a048803c7cb0ea90c,fa904c16440667583086bfe6c10a9533,82020,curitiba,PR,25362fbf6aac4b01a28dee1e076acc26,1,credit_card,3,112.74,7ae27ce0834f80f4e3779fd06ca9ce83,beleza_saude,37.0,1096.0,1.0,1050.0,17.0,14.0,16.0
91,109b5ce2dd11bb8460eff3b86da6fefc,25362fbf6aac4b01a28dee1e076acc26,5,Ótimo Produto! ,Recomendo o vendedor... ,2018-08-17 00:00:00,2018-08-17 21:47:08,25362fbf6aac4b01a28dee1e076acc26,ab35d7de3a6afe9a048803c7cb0ea90c,delivered,2018-08-08 00:43:30,2018-08-08 01:05:13,2018-08-13 15:38:00,2018-08-16 17:58:31,2018-08-20 00:00:00,25362fbf6aac4b01a28dee1e076acc26,2,7ae27ce0834f80f4e3779fd06ca9ce83,44ed138eca6214d572ce1d813fb0049b,2018-08-14 01:05:13,39.9,16.47,44ed138eca6214d572ce1d813fb0049b,92010,canoas,RS,ab35d7de3a6afe9a048803c7cb0ea90c,fa904c16440667583086bfe6c10a9533,82020,curitiba,PR,25362fbf6aac4b01a28dee1e076acc26,1,credit_card,3,112.74,7ae27ce0834f80f4e3779fd06ca9ce83,beleza_saude,37.0,1096.0,1.0,1050.0,17.0,14.0,16.0
92,6d06808638ec0701bccd70bc8d462c28,97d2f8fe76f2f253b8291e17b5383884,1,,"O produto não chegou no prazo estipulado e causou transtorno, pq programei a viagem de férias do meu filho, baseado no prazo. Moro na Bahia e ele em Cuiabá sozinho. Agora, a casa está vazia. ",2016-12-09 00:00:00,2016-12-19 14:10:43,97d2f8fe76f2f253b8291e17b5383884,5458c93e0db88f9b885bc7dbc3bfa2a3,shipped,2016-10-05 11:54:15,2016-10-06 15:51:26,2016-11-14 09:28:51,,2016-12-07 00:00:00,97d2f8fe76f2f253b8291e17b5383884,1,a8255c87078b4bd9bc05fe7290ca5c25,a7f13822ceb966b076af67121f87b063,2016-10-10 15:51:26,279.99,121.2,a7f13822ceb966b076af67121f87b063,8577,itaquaquecetuba,SP,5458c93e0db88f9b885bc7dbc3bfa2a3,81e5fcd4b5436bb7e3eefd166f7bc489,78015,cuiaba,MT,97d2f8fe76f2f253b8291e17b5383884,1,credit_card,10,401.19,a8255c87078b4bd9bc05fe7290ca5c25,automotivo,44.0,1034.0,1.0,24000.0,61.0,67.0,33.0
93,750d4311e8ddb6cba549ee86f06f0cca,4b32a4cdfc1b80066a8ee3a4b7a2094f,5,,"Produto entregue como solicitado, e com muita brevidade. Parabéns!
",2017-08-09 00:00:00,2017-08-09 12:03:45,4b32a4cdfc1b80066a8ee3a4b7a2094f,eb41a1c7f87e6e71b1db055df78e913a,delivered,2017-07-25 22:20:16,2017-07-25 22:35:15,2017-07-28 14:52:11,2017-08-07 20:44:03,2017-08-18 00:00:00,4b32a4cdfc1b80066a8ee3a4b7a2094f,1,461f43be3bdf8844e65b62d9ac2c7a5a,4869f7a5dfa277a7dca6462dcf3b52b2,2017-08-02 22:35:15,157.99,15.86,4869f7a5dfa277a7dca6462dcf3b52b2,14840,guariba,SP,eb41a1c7f87e6e71b1db055df78e913a,8f7c83c18daa73abc6d1f398552e547a,20511,rio de janeiro,RJ,4b32a4cdfc1b80066a8ee3a4b7a2094f,1,credit_card,7,173.85,461f43be3bdf8844e65b62d9ac2c7a5a,relogios_presentes,35.0,591.0,3.0,444.0,20.0,14.0,16.0
94,951a3591f5bcc0b0c558461c9bf49d8e,801524a8fbd37484e8d8c23448f113b5,3,,,2018-07-14 00:00:00,2018-07-14 21:04:31,801524a8fbd37484e8d8c23448f113b5,262ce56ba019f4140816c8c602f345e7,delivered,2018-07-04 22:27:56,2018-07-05 16:21:03,2018-07-09 11:09:00,2018-07-13 15:41:37,2018-07-31 00:00:00,801524a8fbd37484e8d8c23448f113b5,1,a54244559e62c8ef2939e52189d65d4c,282f23a9769b2690c5dda22e316f9941,2018-07-09 23:31:43,58.32,27.36,282f23a9769b2690c5dda22e316f9941,31573,belo horizonte,MG,262ce56ba019f4140816c8c602f345e7,1bbd9a63db6ed2bb12623de2b1ceb7c3,48895,sao domingos,BA,801524a8fbd37484e8d8c23448f113b5,1,credit_card,8,85.68,a54244559e62c8ef2939e52189d65d4c,alimentos_bebidas,60.0,1088.0,8.0,1300.0,19.0,12.0,12.0
95,77ed4f94b3638d1f0b0a2dd781c11a8c,5f8772295e1adb4e4832c988d6b631b6,5,,,2018-04-10 00:00:00,2018-04-12 10:28:20,5f8772295e1adb4e4832c988d6b631b6,d6ea3ab260c02dc5a2d6270e7d49286d,delivered,2018-03-17 10:11:49,2018-03-17 10:28:37,2018-03-21 19:24:40,2018-04-10 01:19:14,2018-04-20 00:00:00,5f8772295e1adb4e4832c988d6b631b6,1,1e618d311a1b7f88a9d96ec50aa85582,d94a40fd42351c259927028d163af842,2018-03-22 10:28:37,129.0,70.89,d94a40fd42351c259927028d163af842,37443,baependi,MG,d6ea3ab260c02dc5a2d6270e7d49286d,ad7c13746d7ff7208d89765f407d40f4,66080,belem,PA,5f8772295e1adb4e4832c988d6b631b6,1,credit_card,10,199.89,1e618d311a1b7f88a9d96ec50aa85582,utilidades_domesticas,42.0,540.0,4.0,9950.0,31.0,61.0,31.0
96,2a3eba09af2fbcd3a20580e62e7b7465,366df9c0b0d5d46f8afc476dc4ca7671,4,,,2018-01-31 00:00:00,2018-02-01 02:09:13,366df9c0b0d5d46f8afc476dc4ca7671,53996870173a3a001a1fb56ef00b9150,delivered,2018-01-11 14:50:57,2018-01-12 02:38:20,2018-01-12 21:33:11,2018-01-30 22:42:50,2018-03-01 00:00:00,366df9c0b0d5d46f8afc476dc4ca7671,1,a29c670cb6c4fb685d04410dbbd6d5b2,ce248b21cb2adc36282ede306b7660e5,2018-01-18 02:38:20,36.9,42.38,ce248b21cb2adc36282ede306b7660e5,89251,jaragua do sul,SC,53996870173a3a001a1fb56ef00b9150,2624230437101e0bdcea1e48310d68a3,69900,rio branco,AC,366df9c0b0d5d46f8afc476dc4ca7671,1,boleto,1,79.28,a29c670cb6c4fb685d04410dbbd6d5b2,instrumentos_musicais,39.0,750.0,1.0,275.0,18.0,4.0,18.0
97,8b230a1373c6dc4bd867099fda1d7039,071251fe3b3493294536f03737a8a679,3,,Eu comprei duas unidades e só recebi uma e agora o que faço?,2017-11-09 00:00:00,2017-11-10 10:38:37,071251fe3b3493294536f03737a8a679,e0a1d2de2e8046564b9c4de4a47ceb50,delivered,2017-10-26 12:26:44,2017-10-28 02:56:07,2017-10-30 18:53:12,2017-11-08 20:24:42,2017-11-21 00:00:00,071251fe3b3493294536f03737a8a679,1,d2085f7e0f9533605386960fc7e987ec,aac29b1b99776be73c3049939652091d,2017-11-06 02:56:07,12.49,15.1,aac29b1b99776be73c3049939652091d,38408,uberlandia,MG,e0a1d2de2e8046564b9c4de4a47ceb50,2a9671898590b884d3b740014991a33d,13061,campinas,SP,071251fe3b3493294536f03737a8a679,1,boleto,1,55.18,d2085f7e0f9533605386960fc7e987ec,ferramentas_jardim,40.0,207.0,4.0,150.0,16.0,2.0,11.0
98,8b230a1373c6dc4bd867099fda1d7039,071251fe3b3493294536f03737a8a679,3,,Eu comprei duas unidades e só recebi uma e agora o que faço?,2017-11-09 00:00:00,2017-11-10 10:38:37,071251fe3b3493294536f03737a8a679,e0a1d2de2e8046564b9c4de4a47ceb50,delivered,2017-10-26 12:26:44,2017-10-28 02:56:07,2017-10-30 18:53:12,2017-11-08 20:24:42,2017-11-21 00:00:00,071251fe3b3493294536f03737a8a679,2,d2085f7e0f9533605386960fc7e987ec,aac29b1b99776be73c3049939652091d,2017-11-06 02:56:07,12.49,15.1,aac29b1b99776be73c3049939652091d,38408,uberlandia,MG,e0a1d2de2e8046564b9c4de4a47ceb50,2a9671898590b884d3b740014991a33d,13061,campinas,SP,071251fe3b3493294536f03737a8a679,1,boleto,1,55.18,d2085f7e0f9533605386960fc7e987ec,ferramentas_jardim,40.0,207.0,4.0,150.0,16.0,2.0,11.0
99,4a1c0e7a111f33f2be53506db4887b1a,0feb8ce954124d3e3d8338c573a9c523,5,,,2018-08-28 00:00:00,2018-08-29 02:00:24,0feb8ce954124d3e3d8338c573a9c523,cd152920bf236523f7f23b0c29468580,delivered,2018-08-23 08:24:45,2018-08-23 08:45:16,2018-08-23 12:50:00,2018-08-27 22:06:33,2018-08-28 00:00:00,0feb8ce954124d3e3d8338c573a9c523,1,6fd82d8f842424334fedf31190e54d24,6560211a19b47992c3666cc44a7e94c0,2018-08-27 08:45:16,55.0,7.61,6560211a19b47992c3666cc44a7e94c0,5849,sao paulo,SP,cd152920bf236523f7f23b0c29468580,f52cdb6ee80cbc9c54ec6c633597a371,1508,sao paulo,SP,0feb8ce954124d3e3d8338c573a9c523,1,credit_card,1,115.23,6fd82d8f842424334fedf31190e54d24,relogios_presentes,60.0,160.0,3.0,250.0,16.0,2.0,20.0
